voter_name,affiliation,first_place_five_pts,second_place_three_pts,third_place_one_pt,year,award
Marv Albert,Turner,"Ball, LaMelo (CHA)","Haliburton, Tyrese (SAC)","Edwards, Anthony (MIN)",2021,ROY
Sam Amick,The Athletic,"Ball, LaMelo (CHA)","Edwards, Anthony (MIN)","Haliburton, Tyrese (SAC)",2021,ROY
Greg Anthony,Turner,Abstained,Abstained,Abstained,2021,ROY
Kevin Arnovitz,ESPN,"Ball, LaMelo (CHA)","Haliburton, Tyrese (SAC)","Edwards, Anthony (MIN)",2021,ROY
Steve Aschburner,NBA.com,"Ball, LaMelo (CHA)","Edwards, Anthony (MIN)","Haliburton, Tyrese (SAC)",2021,ROY
Evan Barnes,Memphis Commercial Appeal,"Ball, LaMelo (CHA)","Edwards, Anthony (MIN)","Haliburton, Tyrese (SAC)",2021,ROY
Jon Barry,ESPN,"Ball, LaMelo (CHA)","Edwards, Anthony (MIN)","Haliburton, Tyrese (SAC)",2021,ROY
Howard Beck,Sports Illustrated,"Ball, LaMelo (CHA)","Edwards, Anthony (MIN)","Haliburton, Tyrese (SAC)",2021,ROY
Stefan Bondy,New York Daily News,"Ball, LaMelo (CHA)","Edwards, Anthony (MIN)","Haliburton, Tyrese (SAC)",2021,ROY
Tim Bontemps,ESPN,"Ball, LaMelo (CHA)","Haliburton, Tyrese (SAC)","Edwards, Anthony (MIN)",2021,ROY
Chris Broussard,Fox Sports,"Edwards, Anthony (MIN)","Ball, LaMelo (CHA)","Haliburton, Tyrese (SAC)",2021,ROY
Ric Bucher,Sirius Radio,"Ball, LaMelo (CHA)","Haliburton, Tyrese (SAC)","Edwards, Anthony (MIN)",2021,ROY
Doris Burke,ESPN,"Ball, LaMelo (CHA)","Edwards, Anthony (MIN)","Haliburton, Tyrese (SAC)",2021,ROY
Shams Charania,The Athletic/Stadium,"Ball, LaMelo (CHA)","Edwards, Anthony (MIN)","Haliburton, Tyrese (SAC)",2021,ROY
Anthony Chiang,Miami Herald,"Ball, LaMelo (CHA)","Edwards, Anthony (MIN)","Haliburton, Tyrese (SAC)",2021,ROY
Davide Chinellato,La Gazzetta Dello Sport,"Ball, LaMelo (CHA)","Edwards, Anthony (MIN)","Haliburton, Tyrese (SAC)",2021,ROY
Mauricio Codocea,Clarin (Argentina),"Ball, LaMelo (CHA)","Edwards, Anthony (MIN)","Haliburton, Tyrese (SAC)",2021,ROY
Jamal Collier,Chicago Tribune,"Ball, LaMelo (CHA)","Edwards, Anthony (MIN)","Haliburton, Tyrese (SAC)",2021,ROY
Antoni Daimiel,Movistar+,"Ball, LaMelo (CHA)","Edwards, Anthony (MIN)","Haliburton, Tyrese (SAC)",2021,ROY
Dan Devine,The Ringer,"Ball, LaMelo (CHA)","Edwards, Anthony (MIN)","Haliburton, Tyrese (SAC)",2021,ROY
Chris Fedor,Cleveland.com,"Ball, LaMelo (CHA)","Edwards, Anthony (MIN)","Haliburton, Tyrese (SAC)",2021,ROY
Joe Freeman,The Oregonian,"Ball, LaMelo (CHA)","Edwards, Anthony (MIN)","Haliburton, Tyrese (SAC)",2021,ROY
Vince Goodwill,Yahoo! Sports,"Ball, LaMelo (CHA)","Edwards, Anthony (MIN)","Haliburton, Tyrese (SAC)",2021,ROY
Kyle Goon,Southern California News Group,"Ball, LaMelo (CHA)","Edwards, Anthony (MIN)","Haliburton, Tyrese (SAC)",2021,ROY
Michael Grange,Rogers Sportsnet,"Ball, LaMelo (CHA)","Edwards, Anthony (MIN)","Haliburton, Tyrese (SAC)",2021,ROY
Jared Greenberg,Turner,"Ball, LaMelo (CHA)","Edwards, Anthony (MIN)","Haliburton, Tyrese (SAC)",2021,ROY
Kevin Harlan,Turner,"Ball, LaMelo (CHA)","Edwards, Anthony (MIN)","Haliburton, Tyrese (SAC)",2021,ROY
Zach Harper,The Athletic,"Ball, LaMelo (CHA)","Edwards, Anthony (MIN)","Haliburton, Tyrese (SAC)",2021,ROY
Max Haupt,DPA,"Edwards, Anthony (MIN)","Ball, LaMelo (CHA)","Haliburton, Tyrese (SAC)",2021,ROY
Chris Haynes,Yahoo! Sports,"Edwards, Anthony (MIN)","Ball, LaMelo (CHA)","Haliburton, Tyrese (SAC)",2021,ROY
Kurt Helin,NBCSports.com,"Ball, LaMelo (CHA)","Haliburton, Tyrese (SAC)","Edwards, Anthony (MIN)",2021,ROY
Adam Himmelsbach,Boston Globe,"Ball, LaMelo (CHA)","Edwards, Anthony (MIN)","Haliburton, Tyrese (SAC)",2021,ROY
Lisa Hsu,Tencent,"Ball, LaMelo (CHA)","Edwards, Anthony (MIN)","Haliburton, Tyrese (SAC)",2021,ROY
Cassidy Hubbarth,ESPN,"Ball, LaMelo (CHA)","Edwards, Anthony (MIN)","Haliburton, Tyrese (SAC)",2021,ROY
Kelly Iko,The Athletic,"Ball, LaMelo (CHA)","Edwards, Anthony (MIN)","Haliburton, Tyrese (SAC)",2021,ROY
Frank Isola,Sirius Radio,"Edwards, Anthony (MIN)","Ball, LaMelo (CHA)","Bey, Saddiq (DET)",2021,ROY
Mark Jackson,ESPN,"Ball, LaMelo (CHA)","Edwards, Anthony (MIN)","Haliburton, Tyrese (SAC)",2021,ROY
Ernie Johnson,Turner,"Ball, LaMelo (CHA)","Edwards, Anthony (MIN)","Haliburton, Tyrese (SAC)",2021,ROY
Jason Jones,The Athletic,"Ball, LaMelo (CHA)","Haliburton, Tyrese (SAC)","Edwards, Anthony (MIN)",2021,ROY
Tony Jones,The Athletic,"Ball, LaMelo (CHA)","Edwards, Anthony (MIN)","Haliburton, Tyrese (SAC)",2021,ROY
Fred Katz,The Athletic,"Ball, LaMelo (CHA)","Haliburton, Tyrese (SAC)","Edwards, Anthony (MIN)",2021,ROY
Marc Kestecher,ESPN,"Ball, LaMelo (CHA)","Edwards, Anthony (MIN)","Haliburton, Tyrese (SAC)",2021,ROY
Chris Kirschner,The Athletic,"Ball, LaMelo (CHA)","Edwards, Anthony (MIN)","Haliburton, Tyrese (SAC)",2021,ROY
Scott Kushner,New Orleans Times Picayune,"Ball, LaMelo (CHA)","Edwards, Anthony (MIN)","Haliburton, Tyrese (SAC)",2021,ROY
Brian Lewis,New York Post,"Ball, LaMelo (CHA)","Edwards, Anthony (MIN)","Haliburton, Tyrese (SAC)",2021,ROY
Zach Lowe,ESPN,"Ball, LaMelo (CHA)","Edwards, Anthony (MIN)","Haliburton, Tyrese (SAC)",2021,ROY
Jackie MacMullan,ESPN,"Ball, LaMelo (CHA)","Edwards, Anthony (MIN)","Haliburton, Tyrese (SAC)",2021,ROY
Brian Mahoney,Associated Press,"Ball, LaMelo (CHA)","Edwards, Anthony (MIN)","Haliburton, Tyrese (SAC)",2021,ROY
Rob Mahoney,The Ringer,"Ball, LaMelo (CHA)","Edwards, Anthony (MIN)","Haliburton, Tyrese (SAC)",2021,ROY
Chris Mannix,Sports Illustrated,"Ball, LaMelo (CHA)","Edwards, Anthony (MIN)","Bey, Saddiq (DET)",2021,ROY
Diego Martinez,Reforma,"Ball, LaMelo (CHA)","Edwards, Anthony (MIN)","Haliburton, Tyrese (SAC)",2021,ROY
Jeff McDonald,San Antonio Express-News,"Ball, LaMelo (CHA)","Edwards, Anthony (MIN)","Haliburton, Tyrese (SAC)",2021,ROY
Dave McMenamin,ESPN,"Ball, LaMelo (CHA)","Edwards, Anthony (MIN)","Haliburton, Tyrese (SAC)",2021,ROY
Mark Medina,USA Today,"Ball, LaMelo (CHA)","Edwards, Anthony (MIN)","Haliburton, Tyrese (SAC)",2021,ROY
Yoko Miyaji,Sports Graphic Number,"Ball, LaMelo (CHA)","Edwards, Anthony (MIN)","Haliburton, Tyrese (SAC)",2021,ROY
Joe Mussatto,The Oklahoman,"Ball, LaMelo (CHA)","Edwards, Anthony (MIN)","Haliburton, Tyrese (SAC)",2021,ROY
Rachel Nichols,ESPN,"Ball, LaMelo (CHA)","Edwards, Anthony (MIN)","Haliburton, Tyrese (SAC)",2021,ROY
Kevin O'Connor,The Ringer,"Ball, LaMelo (CHA)","Edwards, Anthony (MIN)","Haliburton, Tyrese (SAC)",2021,ROY
James Owczarski,Milwaukee Journal Sentinel,"Edwards, Anthony (MIN)","Ball, LaMelo (CHA)","Haliburton, Tyrese (SAC)",2021,ROY
Candace Parker,Turner,"Ball, LaMelo (CHA)","Edwards, Anthony (MIN)","Haliburton, Tyrese (SAC)",2021,ROY
Roy Parry,Orlando Sentinel,"Edwards, Anthony (MIN)","Ball, LaMelo (CHA)","Bey, Saddiq (DET)",2021,ROY
Dave Pasch,ESPN,"Ball, LaMelo (CHA)","Edwards, Anthony (MIN)","Haliburton, Tyrese (SAC)",2021,ROY
Kevin Pelton,ESPN,"Ball, LaMelo (CHA)","Haliburton, Tyrese (SAC)","Edwards, Anthony (MIN)",2021,ROY
Keith Pompey,Philadelphia Inquirer and Daily News,"Edwards, Anthony (MIN)","Ball, LaMelo (CHA)","Haliburton, Tyrese (SAC)",2021,ROY
Shaun Powell,NBA.com,"Ball, LaMelo (CHA)","Edwards, Anthony (MIN)","Haliburton, Tyrese (SAC)",2021,ROY
Duane Rankin,Arizona Republic,"Ball, LaMelo (CHA)","Haliburton, Tyrese (SAC)","Edwards, Anthony (MIN)",2021,ROY
Bill Reiter,CBSSports.com,"Ball, LaMelo (CHA)","Edwards, Anthony (MIN)","Haliburton, Tyrese (SAC)",2021,ROY
Tim Reynolds,Associated Press,"Edwards, Anthony (MIN)","Ball, LaMelo (CHA)","Haliburton, Tyrese (SAC)",2021,ROY
Melissa Rohlin,Fox Sports,"Ball, LaMelo (CHA)","Edwards, Anthony (MIN)","Haliburton, Tyrese (SAC)",2021,ROY
Taylor Rooks,Bleacher Report,"Edwards, Anthony (MIN)","Ball, LaMelo (CHA)","Haliburton, Tyrese (SAC)",2021,ROY
Jalen Rose,ESPN,"Ball, LaMelo (CHA)","Edwards, Anthony (MIN)","Haliburton, Tyrese (SAC)",2021,ROY
Simone Sandri,Gazzetta.it,"Ball, LaMelo (CHA)","Edwards, Anthony (MIN)","Haliburton, Tyrese (SAC)",2021,ROY
Omari Sankofa II,Detroit Free Press,"Ball, LaMelo (CHA)","Edwards, Anthony (MIN)","Haliburton, Tyrese (SAC)",2021,ROY
John Schuhmann,NBA.com,"Ball, LaMelo (CHA)","Edwards, Anthony (MIN)","Haliburton, Tyrese (SAC)",2021,ROY
Guillermo Schutz,Televisa (TUDN),"Ball, LaMelo (CHA)","Edwards, Anthony (MIN)","Haliburton, Tyrese (SAC)",2021,ROY
Dennis Scott,Turner,"Ball, LaMelo (CHA)","Edwards, Anthony (MIN)","Haliburton, Tyrese (SAC)",2021,ROY
Ramona Shelburne,ESPN,"Ball, LaMelo (CHA)","Edwards, Anthony (MIN)","Haliburton, Tyrese (SAC)",2021,ROY
Bill Simmons,The Ringer,"Ball, LaMelo (CHA)","Edwards, Anthony (MIN)","Haliburton, Tyrese (SAC)",2021,ROY
Mike Singer,Denver Post,"Ball, LaMelo (CHA)","Edwards, Anthony (MIN)","Haliburton, Tyrese (SAC)",2021,ROY
Anthony Slater,The Athletic,"Ball, LaMelo (CHA)","Edwards, Anthony (MIN)","Haliburton, Tyrese (SAC)",2021,ROY
Doug Smith,The Toronto Star,"Ball, LaMelo (CHA)","Edwards, Anthony (MIN)","Haliburton, Tyrese (SAC)",2021,ROY
Stephen A. Smith,ESPN,"Ball, LaMelo (CHA)","Edwards, Anthony (MIN)","Haliburton, Tyrese (SAC)",2021,ROY
Steve Smith,Turner,"Edwards, Anthony (MIN)","Ball, LaMelo (CHA)","Haliburton, Tyrese (SAC)",2021,ROY
Seerat Sohi,The Ringer,"Ball, LaMelo (CHA)","Edwards, Anthony (MIN)","Haliburton, Tyrese (SAC)",2021,ROY
Daisuke Sugiura,Nihon Keizai Shimbun,"Ball, LaMelo (CHA)","Edwards, Anthony (MIN)","Haliburton, Tyrese (SAC)",2021,ROY
Mirjam Swanson,Southern California News Group,"Ball, LaMelo (CHA)","Edwards, Anthony (MIN)","Haliburton, Tyrese (SAC)",2021,ROY
Maria Taylor,ESPN,"Edwards, Anthony (MIN)","Ball, LaMelo (CHA)","Haliburton, Tyrese (SAC)",2021,ROY
Justin Termine,Sirius Radio,"Edwards, Anthony (MIN)","Ball, LaMelo (CHA)","Haliburton, Tyrese (SAC)",2021,ROY
Brad Townsend,Dallas Morning News,"Ball, LaMelo (CHA)","Edwards, Anthony (MIN)","Haliburton, Tyrese (SAC)",2021,ROY
Christos Tsaltas,SDNA.gr,"Edwards, Anthony (MIN)","Ball, LaMelo (CHA)","Haliburton, Tyrese (SAC)",2021,ROY
Olgun Uluc,ESPN Australia,"Ball, LaMelo (CHA)","Edwards, Anthony (MIN)","Haliburton, Tyrese (SAC)",2021,ROY
Joe Vardon,The Athletic,"Ball, LaMelo (CHA)","Edwards, Anthony (MIN)","Haliburton, Tyrese (SAC)",2021,ROY
Gary Washburn,Boston Globe,"Edwards, Anthony (MIN)","Ball, LaMelo (CHA)","Haliburton, Tyrese (SAC)",2021,ROY
Michael Wilbon,ESPN,"Ball, LaMelo (CHA)","Edwards, Anthony (MIN)","Haliburton, Tyrese (SAC)",2021,ROY
Brian Windhorst,ESPN,"Ball, LaMelo (CHA)","Edwards, Anthony (MIN)","Haliburton, Tyrese (SAC)",2021,ROY
Matt Winer,Turner,"Ball, LaMelo (CHA)","Edwards, Anthony (MIN)","Haliburton, Tyrese (SAC)",2021,ROY
Ryan Wolstat,The Toronto Sun,"Ball, LaMelo (CHA)","Edwards, Anthony (MIN)","Haliburton, Tyrese (SAC)",2021,ROY
Michael C. Wright,NBA.com,"Ball, LaMelo (CHA)","Edwards, Anthony (MIN)","Haliburton, Tyrese (SAC)",2021,ROY
Royce Young,ESPN,"Edwards, Anthony (MIN)","Ball, LaMelo (CHA)","Haliburton, Tyrese (SAC)",2021,ROY
Jeff Zillgitt,USA Today,"Ball, LaMelo (CHA)","Edwards, Anthony (MIN)","Haliburton, Tyrese (SAC)",2021,ROY
Adam Himmelsbach,Boston Globe,"Morant, Ja (MEM)","Williamson, Zion (NOP)","Nunn, Kendrick (MIA)",2020,ROY
Amin Elhassan,ESPN,"Morant, Ja (MEM)","Nunn, Kendrick (MIA)","Clarke, Brandon (MEM)",2020,ROY
Andy Larsen,Salt Lake Tribune,"Morant, Ja (MEM)","Nunn, Kendrick (MIA)","Clarke, Brandon (MEM)",2020,ROY
Anthony Chiang,Miami Herald,"Morant, Ja (MEM)","Nunn, Kendrick (MIA)","Williamson, Zion (NOP)",2020,ROY
Antoine Bancharel,Canal+ Afrique,"Morant, Ja (MEM)","Williamson, Zion (NOP)","Nunn, Kendrick (MIA)",2020,ROY
Antoni Daimiel,Movistar+,"Morant, Ja (MEM)","Williamson, Zion (NOP)","Nunn, Kendrick (MIA)",2020,ROY
Bill Simmons,The Ringer,"Morant, Ja (MEM)","Clarke, Brandon (MEM)","Nunn, Kendrick (MIA)",2020,ROY
Brad Townsend,Dallas Morning News,"Morant, Ja (MEM)","Williamson, Zion (NOP)","Nunn, Kendrick (MIA)",2020,ROY
Brian Mahoney,Associated Press,"Morant, Ja (MEM)","Williamson, Zion (NOP)","Nunn, Kendrick (MIA)",2020,ROY
Brian Windhorst,ESPN,"Morant, Ja (MEM)","Nunn, Kendrick (MIA)","Clarke, Brandon (MEM)",2020,ROY
Candace Parker,Turner,"Morant, Ja (MEM)","Nunn, Kendrick (MIA)","Williamson, Zion (NOP)",2020,ROY
Casey Stern,Turner,"Morant, Ja (MEM)","Clarke, Brandon (MEM)","Nunn, Kendrick (MIA)",2020,ROY
Cassidy Hubbarth,ESPN,"Morant, Ja (MEM)","Nunn, Kendrick (MIA)","Williamson, Zion (NOP)",2020,ROY
Chris Broussard,Fox Sports,"Morant, Ja (MEM)","Williamson, Zion (NOP)","Nunn, Kendrick (MIA)",2020,ROY
Chris Fedor,Cleveland.com,"Morant, Ja (MEM)","Nunn, Kendrick (MIA)","Williamson, Zion (NOP)",2020,ROY
Chris Haynes,Yahoo! Sports,"Morant, Ja (MEM)","Nunn, Kendrick (MIA)","Barrett, R.J. (NYK)",2020,ROY
Chris Hine,Minneapolis Star Tribune,"Morant, Ja (MEM)","Nunn, Kendrick (MIA)","Clarke, Brandon (MEM)",2020,ROY
Chris Kirschner,The Athletic,"Morant, Ja (MEM)","Nunn, Kendrick (MIA)","Williamson, Zion (NOP)",2020,ROY
Chris Mannix,Sports Illustrated,"Morant, Ja (MEM)","Nunn, Kendrick (MIA)","Clarke, Brandon (MEM)",2020,ROY
Chris Sasaki,Rakuten,"Morant, Ja (MEM)","Nunn, Kendrick (MIA)","Clarke, Brandon (MEM)",2020,ROY
Connor Letourneau,San Francisco Chronicle,"Morant, Ja (MEM)","Nunn, Kendrick (MIA)","Williamson, Zion (NOP)",2020,ROY
Coral Lu,ESPN-Tencent,"Morant, Ja (MEM)","Nunn, Kendrick (MIA)","Paschall, Eric (GSW)",2020,ROY
Dan Devine,The Ringer,"Morant, Ja (MEM)","Clarke, Brandon (MEM)","Davis, Terence (TOR)",2020,ROY
Dave McMenamin,ESPN,"Morant, Ja (MEM)","Williamson, Zion (NOP)","Nunn, Kendrick (MIA)",2020,ROY
Dave Pasch,ESPN,"Morant, Ja (MEM)","Williamson, Zion (NOP)","Nunn, Kendrick (MIA)",2020,ROY
Davide Chinellato,La Gazzetta dello Sport,"Morant, Ja (MEM)","Nunn, Kendrick (MIA)","Williamson, Zion (NOP)",2020,ROY
Dennis Scott,Turner,"Morant, Ja (MEM)","Williamson, Zion (NOP)","White, Coby (CHI)",2020,ROY
Diego Martinez,Reforma,"Morant, Ja (MEM)","Nunn, Kendrick (MIA)","Clarke, Brandon (MEM)",2020,ROY
Doris Burke,ESPN,"Morant, Ja (MEM)","Nunn, Kendrick (MIA)","Clarke, Brandon (MEM)",2020,ROY
Doug Smith,The Toronto Star,"Morant, Ja (MEM)","Nunn, Kendrick (MIA)","Davis, Terence (TOR)",2020,ROY
Duane Rankin,Arizona Republic,"Morant, Ja (MEM)","Williamson, Zion (NOP)","Clarke, Brandon (MEM)",2020,ROY
Erik Horne,The Athletic,"Morant, Ja (MEM)","Nunn, Kendrick (MIA)","Clarke, Brandon (MEM)",2020,ROY
Ernie Johnson,Turner,"Morant, Ja (MEM)","Williamson, Zion (NOP)","Nunn, Kendrick (MIA)",2020,ROY
Evan Barnes,Memphis Commercial Appeal,"Morant, Ja (MEM)","Nunn, Kendrick (MIA)","Clarke, Brandon (MEM)",2020,ROY
Frank Isola,Sirius Radio,"Morant, Ja (MEM)","Nunn, Kendrick (MIA)","Clarke, Brandon (MEM)",2020,ROY
Fred Katz,The Athletic,"Morant, Ja (MEM)","Clarke, Brandon (MEM)","Nunn, Kendrick (MIA)",2020,ROY
Gary Washburn,Boston Globe,"Morant, Ja (MEM)","Nunn, Kendrick (MIA)","Paschall, Eric (GSW)",2020,ROY
Greg Anthony,Turner,"Morant, Ja (MEM)","Williamson, Zion (NOP)","Nunn, Kendrick (MIA)",2020,ROY
Greg Logan,Newsday,"Morant, Ja (MEM)","Williamson, Zion (NOP)","Nunn, Kendrick (MIA)",2020,ROY
Howard Beck,Bleacher Report,"Morant, Ja (MEM)","Nunn, Kendrick (MIA)","Clarke, Brandon (MEM)",2020,ROY
Jackie MacMullan,ESPN,"Morant, Ja (MEM)","Williamson, Zion (NOP)","Nunn, Kendrick (MIA)",2020,ROY
Jalen Rose,ESPN,"Morant, Ja (MEM)","Williamson, Zion (NOP)","White, Coby (CHI)",2020,ROY
Jared Greenberg,Turner,"Morant, Ja (MEM)","Williamson, Zion (NOP)","Nunn, Kendrick (MIA)",2020,ROY
Jason Anderson,Sacramento Bee,"Morant, Ja (MEM)","Nunn, Kendrick (MIA)","Clarke, Brandon (MEM)",2020,ROY
Jason Quick,The Athletic,"Morant, Ja (MEM)","Williamson, Zion (NOP)","Nunn, Kendrick (MIA)",2020,ROY
Jeff McDonald,San Antonio Express-News,"Morant, Ja (MEM)","Nunn, Kendrick (MIA)","Clarke, Brandon (MEM)",2020,ROY
Jeff Zillgitt,USA Today,"Morant, Ja (MEM)","Nunn, Kendrick (MIA)","Clarke, Brandon (MEM)",2020,ROY
Joe Cowley,Chicago Sun-Times,"Williamson, Zion (NOP)","Morant, Ja (MEM)","Nunn, Kendrick (MIA)",2020,ROY
Joe Vardon,The Athletic,"Morant, Ja (MEM)","Williamson, Zion (NOP)","Nunn, Kendrick (MIA)",2020,ROY
John Schuhmann,NBA.com,"Morant, Ja (MEM)","Nunn, Kendrick (MIA)","Clarke, Brandon (MEM)",2020,ROY
Jon Barry,ESPN,"Morant, Ja (MEM)","Williamson, Zion (NOP)","Nunn, Kendrick (MIA)",2020,ROY
Josh Robbins,The Athletic,"Morant, Ja (MEM)","Williamson, Zion (NOP)","Clarke, Brandon (MEM)",2020,ROY
Justin Termine,Sirius Radio,"Morant, Ja (MEM)","Nunn, Kendrick (MIA)","Clarke, Brandon (MEM)",2020,ROY
Keith Pompey,Philadelphia Inquirer and Daily News,"Morant, Ja (MEM)","Williamson, Zion (NOP)","Nunn, Kendrick (MIA)",2020,ROY
Kelly Iko,The Athletic,"Morant, Ja (MEM)","Nunn, Kendrick (MIA)","Clarke, Brandon (MEM)",2020,ROY
Kevin Arnovitz,ESPN,"Morant, Ja (MEM)","Williamson, Zion (NOP)","Clarke, Brandon (MEM)",2020,ROY
Kevin Harlan,Turner,"Morant, Ja (MEM)","Nunn, Kendrick (MIA)","Clarke, Brandon (MEM)",2020,ROY
Kevin O'Connor,The Ringer,"Morant, Ja (MEM)","Williamson, Zion (NOP)","Clarke, Brandon (MEM)",2020,ROY
Kevin Pelton,ESPN,"Morant, Ja (MEM)","Clarke, Brandon (MEM)","Williamson, Zion (NOP)",2020,ROY
Kristen Ledlow,Turner,"Morant, Ja (MEM)","Nunn, Kendrick (MIA)","Williamson, Zion (NOP)",2020,ROY
Kurt Helin,NBCSports.com,"Morant, Ja (MEM)","Nunn, Kendrick (MIA)","Williamson, Zion (NOP)",2020,ROY
Lisa Hsu,Tencent,"Morant, Ja (MEM)","Williamson, Zion (NOP)","Nunn, Kendrick (MIA)",2020,ROY
Marc Berman,New York Post,"Morant, Ja (MEM)","Williamson, Zion (NOP)","Nunn, Kendrick (MIA)",2020,ROY
Marc Kestecher,ESPN,"Morant, Ja (MEM)","Williamson, Zion (NOP)","Nunn, Kendrick (MIA)",2020,ROY
Maria Taylor,ESPN,"Morant, Ja (MEM)","Williamson, Zion (NOP)","Nunn, Kendrick (MIA)",2020,ROY
Mark Jackson,ESPN,"Morant, Ja (MEM)","Nunn, Kendrick (MIA)","Williamson, Zion (NOP)",2020,ROY
Mark Jones,ESPN,"Morant, Ja (MEM)","Nunn, Kendrick (MIA)","Williamson, Zion (NOP)",2020,ROY
Mark Medina,USA Today,"Morant, Ja (MEM)","Williamson, Zion (NOP)","Nunn, Kendrick (MIA)",2020,ROY
Marv Albert,Turner,"Morant, Ja (MEM)","Nunn, Kendrick (MIA)","Williamson, Zion (NOP)",2020,ROY
Matt Velazquez,Milwaukee Journal Sentinel,"Morant, Ja (MEM)","Clarke, Brandon (MEM)","Nunn, Kendrick (MIA)",2020,ROY
Matt Winer,Turner,"Morant, Ja (MEM)","Nunn, Kendrick (MIA)","Clarke, Brandon (MEM)",2020,ROY
Maxime Malet,L'Equipe,"Morant, Ja (MEM)","Nunn, Kendrick (MIA)","Williamson, Zion (NOP)",2020,ROY
Michael Wilbon,ESPN,"Morant, Ja (MEM)","Williamson, Zion (NOP)","Nunn, Kendrick (MIA)",2020,ROY
Mike Breen,ESPN,"Morant, Ja (MEM)","Nunn, Kendrick (MIA)","Clarke, Brandon (MEM)",2020,ROY
Mike Ganter,The Toronto Sun,"Morant, Ja (MEM)","Williamson, Zion (NOP)","Nunn, Kendrick (MIA)",2020,ROY
Mirjam Swanson,Southern California News Group,"Morant, Ja (MEM)","Nunn, Kendrick (MIA)","Clarke, Brandon (MEM)",2020,ROY
Nick Kosmider,The Athletic,"Morant, Ja (MEM)","Nunn, Kendrick (MIA)","Williamson, Zion (NOP)",2020,ROY
Rachel Nichols,ESPN,"Morant, Ja (MEM)","Williamson, Zion (NOP)","Nunn, Kendrick (MIA)",2020,ROY
Ramona Shelburne,ESPN,"Morant, Ja (MEM)","Nunn, Kendrick (MIA)","Clarke, Brandon (MEM)",2020,ROY
Remi Reverchon,BeIN Sport (France),"Morant, Ja (MEM)","Williamson, Zion (NOP)","Nunn, Kendrick (MIA)",2020,ROY
Renjun Bao,Tencent,"Morant, Ja (MEM)","Williamson, Zion (NOP)","Nunn, Kendrick (MIA)",2020,ROY
Ric Bucher,Bleacher Report,"Morant, Ja (MEM)","Nunn, Kendrick (MIA)","White, Coby (CHI)",2020,ROY
Rod Beard,Detroit News,"Morant, Ja (MEM)","Williamson, Zion (NOP)","Nunn, Kendrick (MIA)",2020,ROY
Royce Young,ESPN,"Morant, Ja (MEM)","Williamson, Zion (NOP)","Nunn, Kendrick (MIA)",2020,ROY
Sam Amick,The Athletic,"Morant, Ja (MEM)","Nunn, Kendrick (MIA)","Williamson, Zion (NOP)",2020,ROY
Seerat Sohi,Yahoo! Sports,"Morant, Ja (MEM)","Nunn, Kendrick (MIA)","Williamson, Zion (NOP)",2020,ROY
Sekou Smith,NBA.com,"Morant, Ja (MEM)","Nunn, Kendrick (MIA)","Williamson, Zion (NOP)",2020,ROY
Shams Charania,The Athletic/Stadium,"Morant, Ja (MEM)","Nunn, Kendrick (MIA)","Williamson, Zion (NOP)",2020,ROY
Shaun Powell,NBA.com,"Morant, Ja (MEM)","Nunn, Kendrick (MIA)","Clarke, Brandon (MEM)",2020,ROY
Simone Sandri,La Gazzetta Dello Sport,"Morant, Ja (MEM)","Williamson, Zion (NOP)","Nunn, Kendrick (MIA)",2020,ROY
Stephen A. Smith,ESPN,"Morant, Ja (MEM)","Nunn, Kendrick (MIA)","Williamson, Zion (NOP)",2020,ROY
Steve Aschburner,NBA.com,"Morant, Ja (MEM)","Nunn, Kendrick (MIA)","Clarke, Brandon (MEM)",2020,ROY
Steve Smith,Turner,"Morant, Ja (MEM)","Nunn, Kendrick (MIA)","Clarke, Brandon (MEM)",2020,ROY
Tim Bontemps,ESPN,"Morant, Ja (MEM)","Nunn, Kendrick (MIA)","Clarke, Brandon (MEM)",2020,ROY
Tim Reynolds,Associated Press,"Morant, Ja (MEM)","Nunn, Kendrick (MIA)","Williamson, Zion (NOP)",2020,ROY
Vince Goodwill,Yahoo! Sports,"Morant, Ja (MEM)","Nunn, Kendrick (MIA)","Williamson, Zion (NOP)",2020,ROY
Will Guillory,The Athletic,"Morant, Ja (MEM)","Williamson, Zion (NOP)","Nunn, Kendrick (MIA)",2020,ROY
Yoko Miyaji,Sports Graphic Number,"Morant, Ja (MEM)","Nunn, Kendrick (MIA)","Williamson, Zion (NOP)",2020,ROY
Zach Harper,The Athletic,"Morant, Ja (MEM)","Nunn, Kendrick (MIA)","Williamson, Zion (NOP)",2020,ROY
Zach Lowe,ESPN,"Morant, Ja (MEM)","Nunn, Kendrick (MIA)","Clarke, Brandon (MEM)",2020,ROY
A. Sherrod Blakely,NBC Sports Boston,"Young, Trae (ATL)","Doncic, Luka (DAL)","Sexton, Collin (CLE)",2019,ROY
Amin Elhassan,ESPN,"Doncic, Luka (DAL)","Young, Trae (ATL)","Ayton, Deandre (PHX)",2019,ROY
Andre Voigt,DAZN,"Doncic, Luka (DAL)","Young, Trae (ATL)","Ayton, Deandre (PHX)",2019,ROY
Andrew Sharp,Sports Illustrated,"Doncic, Luka (DAL)","Young, Trae (ATL)","Ayton, Deandre (PHX)",2019,ROY
Anthony Chiang,Miami Herald,"Doncic, Luka (DAL)","Young, Trae (ATL)","Ayton, Deandre (PHX)",2019,ROY
Anthony Slater,The Athletic,"Doncic, Luka (DAL)","Young, Trae (ATL)","Ayton, Deandre (PHX)",2019,ROY
Bill Oram,The Athletic,"Doncic, Luka (DAL)","Young, Trae (ATL)","Ayton, Deandre (PHX)",2019,ROY
Bill Simmons,The Ringer,"Doncic, Luka (DAL)","Young, Trae (ATL)","Bagley III, Marvin (SAC)",2019,ROY
Brian Lewis,New York Post,"Doncic, Luka (DAL)","Young, Trae (ATL)","Ayton, Deandre (PHX)",2019,ROY
Brian Mahoney,Associated Press,"Doncic, Luka (DAL)","Young, Trae (ATL)","Ayton, Deandre (PHX)",2019,ROY
Brian Windhorst,ESPN,"Doncic, Luka (DAL)","Young, Trae (ATL)","Ayton, Deandre (PHX)",2019,ROY
Casey Stern,Turner Sports,"Doncic, Luka (DAL)","Young, Trae (ATL)","Ayton, Deandre (PHX)",2019,ROY
Cassidy Hubbarth,ESPN,"Doncic, Luka (DAL)","Young, Trae (ATL)","Jackson Jr., Jaren (MEM)",2019,ROY
Chris Broussard,Fox Sports,"Doncic, Luka (DAL)","Young, Trae (ATL)","Ayton, Deandre (PHX)",2019,ROY
Chris Haynes,Yahoo! Sports,"Doncic, Luka (DAL)","Young, Trae (ATL)","Bagley III, Marvin (SAC)",2019,ROY
Chris Mannix,Sports Illustrated,"Doncic, Luka (DAL)","Young, Trae (ATL)","Ayton, Deandre (PHX)",2019,ROY
Dave Campbell,Associated Press,"Doncic, Luka (DAL)","Young, Trae (ATL)","Ayton, Deandre (PHX)",2019,ROY
Dave McMenamin,ESPN,"Doncic, Luka (DAL)","Young, Trae (ATL)","Ayton, Deandre (PHX)",2019,ROY
Dave Pasch,ESPN,"Doncic, Luka (DAL)","Young, Trae (ATL)","Ayton, Deandre (PHX)",2019,ROY
David Cobb,Memphis Commercial Appeal,"Doncic, Luka (DAL)","Young, Trae (ATL)","Ayton, Deandre (PHX)",2019,ROY
Dennis Scott,Turner Sports,"Doncic, Luka (DAL)","Young, Trae (ATL)","Okogie, Josh (MIN)",2019,ROY
Diego Martinez,Reforma,"Doncic, Luka (DAL)","Young, Trae (ATL)","Ayton, Deandre (PHX)",2019,ROY
Doris Burke,ESPN,"Doncic, Luka (DAL)","Young, Trae (ATL)","Ayton, Deandre (PHX)",2019,ROY
Doug Smith,Toronto Star,"Doncic, Luka (DAL)","Young, Trae (ATL)","Gilgeous‐Alexander, Shai (LAC)",2019,ROY
Duane Rankin,Arizona Republic,"Doncic, Luka (DAL)","Young, Trae (ATL)","Ayton, Deandre (PHX)",2019,ROY
Eric Woodyard,Deseret News,"Doncic, Luka (DAL)","Young, Trae (ATL)","Ayton, Deandre (PHX)",2019,ROY
Erik Horne,The Oklahoman,"Doncic, Luka (DAL)","Young, Trae (ATL)","Gilgeous‐Alexander, Shai (LAC)",2019,ROY
Flavio Tranquillo,Sky Italia,"Doncic, Luka (DAL)","Young, Trae (ATL)","Jackson Jr., Jaren (MEM)",2019,ROY
Frank Isola,Sirius Radio/The Athletic,"Doncic, Luka (DAL)","Young, Trae (ATL)","Gilgeous‐Alexander, Shai (LAC)",2019,ROY
Fred Katz,The Athletic,"Doncic, Luka (DAL)","Young, Trae (ATL)","Jackson Jr., Jaren (MEM)",2019,ROY
Gary Washburn,Boston Globe,"Doncic, Luka (DAL)","Young, Trae (ATL)","Sexton, Collin (CLE)",2019,ROY
Greg Anthony,Turner Sports,"Doncic, Luka (DAL)","Young, Trae (ATL)","Ayton, Deandre (PHX)",2019,ROY
Guillermo Schutz,Televisa,"Doncic, Luka (DAL)","Young, Trae (ATL)","Ayton, Deandre (PHX)",2019,ROY
Howard Beck,Bleacher Report,"Doncic, Luka (DAL)","Young, Trae (ATL)","Jackson Jr., Jaren (MEM)",2019,ROY
Jackie MacMullan,ESPN,"Doncic, Luka (DAL)","Young, Trae (ATL)","Ayton, Deandre (PHX)",2019,ROY
Jalen Rose,ESPN,"Doncic, Luka (DAL)","Young, Trae (ATL)","Ayton, Deandre (PHX)",2019,ROY
Jared Greenberg,Turner,"Doncic, Luka (DAL)","Young, Trae (ATL)","Bagley III, Marvin (SAC)",2019,ROY
Jason Anderson,Sacramento Bee,"Doncic, Luka (DAL)","Young, Trae (ATL)","Ayton, Deandre (PHX)",2019,ROY
Jeff McDonald,San Antonio Express‐News,"Doncic, Luka (DAL)","Young, Trae (ATL)","Sexton, Collin (CLE)",2019,ROY
Jeff Zillgitt,USA Today,"Doncic, Luka (DAL)","Young, Trae (ATL)","Ayton, Deandre (PHX)",2019,ROY
Joe Freeman,The Oregonian,"Doncic, Luka (DAL)","Young, Trae (ATL)","Ayton, Deandre (PHX)",2019,ROY
Joe Vardon,The Athletic,"Doncic, Luka (DAL)","Young, Trae (ATL)","Ayton, Deandre (PHX)",2019,ROY
John Schuhmann,NBA.com,"Doncic, Luka (DAL)","Young, Trae (ATL)","Ayton, Deandre (PHX)",2019,ROY
Jon Barry,ESPN,"Doncic, Luka (DAL)","Young, Trae (ATL)","Sexton, Collin (CLE)",2019,ROY
Josh Robbins,The Athletic,"Doncic, Luka (DAL)","Young, Trae (ATL)","Ayton, Deandre (PHX)",2019,ROY
Justin Termine,Sirius Radio,"Doncic, Luka (DAL)","Young, Trae (ATL)","Ayton, Deandre (PHX)",2019,ROY
K.C. Johnson,Chicago Tribune,"Doncic, Luka (DAL)","Young, Trae (ATL)","Sexton, Collin (CLE)",2019,ROY
Keith Pompey,Philadelphia Inqurier and Daily News,"Doncic, Luka (DAL)","Young, Trae (ATL)","Sexton, Collin (CLE)",2019,ROY
Kelly Iko,The Athletic,"Doncic, Luka (DAL)","Young, Trae (ATL)","Jackson Jr., Jaren (MEM)",2019,ROY
Kennegh Lau,BesTV,"Doncic, Luka (DAL)","Young, Trae (ATL)","Bagley III, Marvin (SAC)",2019,ROY
Kevin Arnovitz,ESPN,"Doncic, Luka (DAL)","Young, Trae (ATL)","Ayton, Deandre (PHX)",2019,ROY
Kevin Harlan,Turner Sports,"Doncic, Luka (DAL)","Young, Trae (ATL)","Jackson Jr., Jaren (MEM)",2019,ROY
Kevin O'Connor,The Ringer,"Doncic, Luka (DAL)","Young, Trae (ATL)","Jackson Jr., Jaren (MEM)",2019,ROY
Kevin Pelton,ESPN,"Doncic, Luka (DAL)","Young, Trae (ATL)","Robinson, Mitchell (NYK)",2019,ROY
Kristen Ledlow,Turner Sports,"Doncic, Luka (DAL)","Young, Trae (ATL)","Ayton, Deandre (PHX)",2019,ROY
Kurt Helin,NBCSports.com,"Doncic, Luka (DAL)","Young, Trae (ATL)","Ayton, Deandre (PHX)",2019,ROY
Lisa Hsu,Tencent,"Doncic, Luka (DAL)","Young, Trae (ATL)","Ayton, Deandre (PHX)",2019,ROY
Marc Kestecher,ESPN,"Doncic, Luka (DAL)","Young, Trae (ATL)","Jackson Jr., Jaren (MEM)",2019,ROY
Mark Jackson,ESPN,"Doncic, Luka (DAL)","Young, Trae (ATL)","Gilgeous‐Alexander, Shai (LAC)",2019,ROY
Mark Jones,ESPN,"Doncic, Luka (DAL)","Young, Trae (ATL)","Sexton, Collin (CLE)",2019,ROY
Marv Albert,Turner Sports,"Doncic, Luka (DAL)","Young, Trae (ATL)","Sexton, Collin (CLE)",2019,ROY
Massimo Lopes Pegna,La Gazzetta dello Sport,"Doncic, Luka (DAL)","Young, Trae (ATL)","Sexton, Collin (CLE)",2019,ROY
Matt Velazquez,Milwaukee Journal Sentinel,"Doncic, Luka (DAL)","Young, Trae (ATL)","Ayton, Deandre (PHX)",2019,ROY
Matt Winer,Turner Sports,"Doncic, Luka (DAL)","Young, Trae (ATL)","Ayton, Deandre (PHX)",2019,ROY
Maxime Malet,L'Equipe,"Doncic, Luka (DAL)","Young, Trae (ATL)","Sexton, Collin (CLE)",2019,ROY
Michael Grange,Rogers Sportsnet,"Doncic, Luka (DAL)","Young, Trae (ATL)","Ayton, Deandre (PHX)",2019,ROY
Michael Wilbon,ESPN,"Doncic, Luka (DAL)","Young, Trae (ATL)","Ayton, Deandre (PHX)",2019,ROY
Michelle Beadle,ESPN,"Doncic, Luka (DAL)","Young, Trae (ATL)","Ayton, Deandre (PHX)",2019,ROY
Mike Breen,ESPN,"Doncic, Luka (DAL)","Young, Trae (ATL)","Ayton, Deandre (PHX)",2019,ROY
Mike Singer,Denver Post,"Doncic, Luka (DAL)","Young, Trae (ATL)","Ayton, Deandre (PHX)",2019,ROY
Mirjam Swanson,Southern California News Group,"Doncic, Luka (DAL)","Young, Trae (ATL)","Ayton, Deandre (PHX)",2019,ROY
Nira Khurana,Perform,"Doncic, Luka (DAL)","Young, Trae (ATL)","Ayton, Deandre (PHX)",2019,ROY
Olgun Uluc,Fox Sports Australia,"Doncic, Luka (DAL)","Young, Trae (ATL)","Ayton, Deandre (PHX)",2019,ROY
Paul Flannery,SB Nation,"Doncic, Luka (DAL)","Young, Trae (ATL)","Ayton, Deandre (PHX)",2019,ROY
Rachel Nichols,ESPN,"Doncic, Luka (DAL)","Young, Trae (ATL)","Ayton, Deandre (PHX)",2019,ROY
Ramona Shelburne,ESPN,"Doncic, Luka (DAL)","Young, Trae (ATL)","Ayton, Deandre (PHX)",2019,ROY
Reggie Miller,Turner Sports,"Doncic, Luka (DAL)","Young, Trae (ATL)","Bagley III, Marvin (SAC)",2019,ROY
Reid Forgrave,CBSSports.com,"Doncic, Luka (DAL)","Young, Trae (ATL)","Jackson Jr., Jaren (MEM)",2019,ROY
Ric Bucher,Bleacher Report,"Doncic, Luka (DAL)","Young, Trae (ATL)","Gilgeous‐Alexander, Shai (LAC)",2019,ROY
Richard Walker,Gaston Gazette,"Doncic, Luka (DAL)","Ayton, Deandre (PHX)","Jackson Jr., Jaren (MEM)",2019,ROY
Rob Mahoney,Sports Illustrated,"Doncic, Luka (DAL)","Young, Trae (ATL)","Ayton, Deandre (PHX)",2019,ROY
Rod Beard,Detroit News,"Doncic, Luka (DAL)","Young, Trae (ATL)","Jackson Jr., Jaren (MEM)",2019,ROY
Rosalyn Gold‐Onwude,Turner,"Doncic, Luka (DAL)","Young, Trae (ATL)","Ayton, Deandre (PHX)",2019,ROY
Royce Young,ESPN,"Young, Trae (ATL)","Doncic, Luka (DAL)","Ayton, Deandre (PHX)",2019,ROY
Ryan Wolstat,Toronto Sun,"Doncic, Luka (DAL)","Young, Trae (ATL)","Ayton, Deandre (PHX)",2019,ROY
Sam Amick,The Athletic,"Doncic, Luka (DAL)","Young, Trae (ATL)","Ayton, Deandre (PHX)",2019,ROY
Scott Agness,The Athletic,"Doncic, Luka (DAL)","Young, Trae (ATL)","Ayton, Deandre (PHX)",2019,ROY
Sean Deveney,The Sporting News,"Doncic, Luka (DAL)","Young, Trae (ATL)","Bagley III, Marvin (SAC)",2019,ROY
Sekou Smith,NBA.com,"Doncic, Luka (DAL)","Young, Trae (ATL)","Ayton, Deandre (PHX)",2019,ROY
Stefan Bondy,New York Daily News,"Doncic, Luka (DAL)","Young, Trae (ATL)","Ayton, Deandre (PHX)",2019,ROY
Steve Aschburner,NBA.com,"Doncic, Luka (DAL)","Young, Trae (ATL)","Ayton, Deandre (PHX)",2019,ROY
Steve Smith,Turner Sports,"Doncic, Luka (DAL)","Young, Trae (ATL)","Ayton, Deandre (PHX)",2019,ROY
Tim Bontemps,ESPN,"Doncic, Luka (DAL)","Young, Trae (ATL)","Ayton, Deandre (PHX)",2019,ROY
Tim MacMahon,ESPN,"Doncic, Luka (DAL)","Young, Trae (ATL)","Ayton, Deandre (PHX)",2019,ROY
Tim Reynolds,Associated Press,"Doncic, Luka (DAL)","Young, Trae (ATL)","Gilgeous‐Alexander, Shai (LAC)",2019,ROY
Vince Goodwill,Yahoo! Sports,"Doncic, Luka (DAL)","Young, Trae (ATL)","Ayton, Deandre (PHX)",2019,ROY
Weiping Zhang,CCTV,"Doncic, Luka (DAL)","Young, Trae (ATL)","Ayton, Deandre (PHX)",2019,ROY
Will Guillory,The Athletic,"Doncic, Luka (DAL)","Young, Trae (ATL)","Gilgeous‐Alexander, Shai (LAC)",2019,ROY
Zach Harper,The Athletic,"Doncic, Luka (DAL)","Young, Trae (ATL)","Ayton, Deandre (PHX)",2019,ROY
Zach Lowe,ESPN,"Doncic, Luka (DAL)","Young, Trae (ATL)","Jackson Jr., Jaren (MEM)",2019,ROY
Ailene Voisin,Sacramento Bee,"Simmons, Ben (PHI)","Mitchell, Donovan (UTA)","Tatum, Jayson (BOS)",2018,ROY
Amin Elhassan,ESPN.com,"Simmons, Ben (PHI)","Mitchell, Donovan (UTA)","Kuzma, Kyle (LAL)",2018,ROY
Andrew Sharp,Sports Illustrated,"Simmons, Ben (PHI)","Mitchell, Donovan (UTA)","Tatum, Jayson (BOS)",2018,ROY
Anthony Slater,The Athletic,"Simmons, Ben (PHI)","Mitchell, Donovan (UTA)","Tatum, Jayson (BOS)",2018,ROY
Ben Golliver,Sports Illustrated,"Simmons, Ben (PHI)","Mitchell, Donovan (UTA)","Tatum, Jayson (BOS)",2018,ROY
Bill Oram,Orange County Register,"Simmons, Ben (PHI)","Mitchell, Donovan (UTA)","Tatum, Jayson (BOS)",2018,ROY
Bill Simmons,The Ringer,"Simmons, Ben (PHI)","Mitchell, Donovan (UTA)","Tatum, Jayson (BOS)",2018,ROY
Brent Barry,Turner,"Simmons, Ben (PHI)","Mitchell, Donovan (UTA)","Tatum, Jayson (BOS)",2018,ROY
Brett Dawson,The Oklahoman,"Simmons, Ben (PHI)","Mitchell, Donovan (UTA)","Tatum, Jayson (BOS)",2018,ROY
Brian Mahoney,Associated Press,"Mitchell, Donovan (UTA)","Simmons, Ben (PHI)","Tatum, Jayson (BOS)",2018,ROY
Brian Windhorst,ESPN.com,"Simmons, Ben (PHI)","Mitchell, Donovan (UTA)","Tatum, Jayson (BOS)",2018,ROY
Cassidy Hubbarth,ESPN,"Simmons, Ben (PHI)","Mitchell, Donovan (UTA)","Tatum, Jayson (BOS)",2018,ROY
Chase Hughes,NBCSportsWashington.com,"Simmons, Ben (PHI)","Mitchell, Donovan (UTA)","Tatum, Jayson (BOS)",2018,ROY
Chris Broussard,Fox Sports,"Simmons, Ben (PHI)","Mitchell, Donovan (UTA)","Tatum, Jayson (BOS)",2018,ROY
Chris Haynes,ESPN.com,"Simmons, Ben (PHI)","Mitchell, Donovan (UTA)","Tatum, Jayson (BOS)",2018,ROY
Chris Mannix,Yahoo!,"Simmons, Ben (PHI)","Mitchell, Donovan (UTA)","Tatum, Jayson (BOS)",2018,ROY
Chris Webber,Turner,"Simmons, Ben (PHI)","Mitchell, Donovan (UTA)","Tatum, Jayson (BOS)",2018,ROY
Clifton Brown,Indianapolis Star,"Simmons, Ben (PHI)","Mitchell, Donovan (UTA)","Tatum, Jayson (BOS)",2018,ROY
Connor Letourneau,San Francisco Chronicle,"Simmons, Ben (PHI)","Mitchell, Donovan (UTA)","Tatum, Jayson (BOS)",2018,ROY
Dave McMenamin,ESPN.com,"Simmons, Ben (PHI)","Mitchell, Donovan (UTA)","Tatum, Jayson (BOS)",2018,ROY
David Aldridge,Turner,"Simmons, Ben (PHI)","Mitchell, Donovan (UTA)","Tatum, Jayson (BOS)",2018,ROY
Davide Chinellato,La Gazzetta dello Sport,"Simmons, Ben (PHI)","Mitchell, Donovan (UTA)","Tatum, Jayson (BOS)",2018,ROY
Dennis Scott,Turner,"Simmons, Ben (PHI)","Mitchell, Donovan (UTA)","Tatum, Jayson (BOS)",2018,ROY
Diego Martínez Cabrera,Periódico Reforma,"Simmons, Ben (PHI)","Mitchell, Donovan (UTA)","Kuzma, Kyle (LAL)",2018,ROY
Doris Burke,ABC/ESPN,"Simmons, Ben (PHI)","Mitchell, Donovan (UTA)","Tatum, Jayson (BOS)",2018,ROY
Eddie Sefko,Dallas Morning News,"Simmons, Ben (PHI)","Mitchell, Donovan (UTA)","Smith Jr., Dennis (DAL)",2018,ROY
Elliott Teaford,Southern California News Group,"Simmons, Ben (PHI)","Mitchell, Donovan (UTA)","Tatum, Jayson (BOS)",2018,ROY
Ernie Johnson,Turner,"Simmons, Ben (PHI)","Mitchell, Donovan (UTA)","Tatum, Jayson (BOS)",2018,ROY
Flavio Tranquillo,Sky Italia,"Simmons, Ben (PHI)","Tatum, Jayson (BOS)","Mitchell, Donovan (UTA)",2018,ROY
Frank Isola,Sirius Radio/New York Daily News,"Mitchell, Donovan (UTA)","Simmons, Ben (PHI)","Tatum, Jayson (BOS)",2018,ROY
Gary Washburn,Boston Globe,"Simmons, Ben (PHI)","Mitchell, Donovan (UTA)","Tatum, Jayson (BOS)",2018,ROY
Gina Mizell,Denver Post,"Simmons, Ben (PHI)","Mitchell, Donovan (UTA)","Tatum, Jayson (BOS)",2018,ROY
Greg Anthony,Turner,"Simmons, Ben (PHI)","Mitchell, Donovan (UTA)","Tatum, Jayson (BOS)",2018,ROY
Greg Logan,Newsday,"Simmons, Ben (PHI)","Mitchell, Donovan (UTA)","Tatum, Jayson (BOS)",2018,ROY
Howard Beck,Bleacher Report,"Simmons, Ben (PHI)","Mitchell, Donovan (UTA)","Tatum, Jayson (BOS)",2018,ROY
Jackie MacMullan,ESPN.com,"Simmons, Ben (PHI)","Mitchell, Donovan (UTA)","Tatum, Jayson (BOS)",2018,ROY
Jalen Rose,ABC/ESPN,"Simmons, Ben (PHI)","Mitchell, Donovan (UTA)","Tatum, Jayson (BOS)",2018,ROY
Jared Greenberg,Turner,"Simmons, Ben (PHI)","Mitchell, Donovan (UTA)","Tatum, Jayson (BOS)",2018,ROY
Jason Jones,Sacramento Bee,"Mitchell, Donovan (UTA)","Simmons, Ben (PHI)","Kuzma, Kyle (LAL)",2018,ROY
Jason Lloyd,The Athletic,"Simmons, Ben (PHI)","Mitchell, Donovan (UTA)","Tatum, Jayson (BOS)",2018,ROY
Jason Quick,NBC Sports Northwest,"Mitchell, Donovan (UTA)","Simmons, Ben (PHI)","Tatum, Jayson (BOS)",2018,ROY
Jeff McDonald,San Antonio Express‐News,"Simmons, Ben (PHI)","Mitchell, Donovan (UTA)","Tatum, Jayson (BOS)",2018,ROY
Jeff Zillgitt,USA Today,"Simmons, Ben (PHI)","Mitchell, Donovan (UTA)","Tatum, Jayson (BOS)",2018,ROY
Jerry Zgoda,Minneapolis Star Tribune,"Simmons, Ben (PHI)","Mitchell, Donovan (UTA)","Tatum, Jayson (BOS)",2018,ROY
Joe Cowley,Chicago Sun‐Times,"Simmons, Ben (PHI)","Mitchell, Donovan (UTA)","Tatum, Jayson (BOS)",2018,ROY
John Schuhmann,NBA.com,"Simmons, Ben (PHI)","Mitchell, Donovan (UTA)","Tatum, Jayson (BOS)",2018,ROY
Jon Barry,ESPN Radio,"Simmons, Ben (PHI)","Mitchell, Donovan (UTA)","Tatum, Jayson (BOS)",2018,ROY
Justin Termine,Sirius Radio,"Simmons, Ben (PHI)","Mitchell, Donovan (UTA)","Tatum, Jayson (BOS)",2018,ROY
KC Johnson,Chicago Tribune,"Simmons, Ben (PHI)","Mitchell, Donovan (UTA)","Tatum, Jayson (BOS)",2018,ROY
Keith Pompey,Philadelphia Inquirer,"Simmons, Ben (PHI)","Mitchell, Donovan (UTA)","Tatum, Jayson (BOS)",2018,ROY
Kevin Arnovitz,ESPN.com,"Simmons, Ben (PHI)","Mitchell, Donovan (UTA)","Tatum, Jayson (BOS)",2018,ROY
Kevin Harlan,Turner,"Simmons, Ben (PHI)","Mitchell, Donovan (UTA)","Tatum, Jayson (BOS)",2018,ROY
Kevin O'Connor,The Ringer,"Simmons, Ben (PHI)","Mitchell, Donovan (UTA)","Tatum, Jayson (BOS)",2018,ROY
Kevin Pelton,ESPN.com,"Simmons, Ben (PHI)","Mitchell, Donovan (UTA)","Tatum, Jayson (BOS)",2018,ROY
Kristen Ledlow,Turner,"Simmons, Ben (PHI)","Mitchell, Donovan (UTA)","Tatum, Jayson (BOS)",2018,ROY
Kurt Helin,NBCSports.com,"Mitchell, Donovan (UTA)","Simmons, Ben (PHI)","Tatum, Jayson (BOS)",2018,ROY
Lee Jenkins,Sports Illustrated,"Simmons, Ben (PHI)","Mitchell, Donovan (UTA)","Tatum, Jayson (BOS)",2018,ROY
Lisa Shen Yang,Tencent,"Simmons, Ben (PHI)","Mitchell, Donovan (UTA)","Tatum, Jayson (BOS)",2018,ROY
Manny Navarro,Miami Herald,"Simmons, Ben (PHI)","Mitchell, Donovan (UTA)","Tatum, Jayson (BOS)",2018,ROY
Marc Berman,New York Post,"Mitchell, Donovan (UTA)","Tatum, Jayson (BOS)","Simmons, Ben (PHI)",2018,ROY
Marc Kestecher,ESPN Radio,"Simmons, Ben (PHI)","Mitchell, Donovan (UTA)","Tatum, Jayson (BOS)",2018,ROY
Mark Jackson,ABC/ESPN,"Simmons, Ben (PHI)","Mitchell, Donovan (UTA)","Tatum, Jayson (BOS)",2018,ROY
Marv Albert,Turner,"Simmons, Ben (PHI)","Mitchell, Donovan (UTA)","Tatum, Jayson (BOS)",2018,ROY
Matt Velazquez,Milwaukee Journal Sentinel,"Simmons, Ben (PHI)","Mitchell, Donovan (UTA)","Tatum, Jayson (BOS)",2018,ROY
Matt Winer,Turner,"Simmons, Ben (PHI)","Mitchell, Donovan (UTA)","Tatum, Jayson (BOS)",2018,ROY
Michael Grange,Rogers Sportsnet,"Simmons, Ben (PHI)","Mitchell, Donovan (UTA)","Tatum, Jayson (BOS)",2018,ROY
Michael Wilbon,ABC/ESPN,"Simmons, Ben (PHI)","Mitchell, Donovan (UTA)","Tatum, Jayson (BOS)",2018,ROY
Michelle Beadle,ABC/ESPN,"Simmons, Ben (PHI)","Mitchell, Donovan (UTA)","Tatum, Jayson (BOS)",2018,ROY
Mike Breen,ABC/ESPN,"Simmons, Ben (PHI)","Mitchell, Donovan (UTA)","Tatum, Jayson (BOS)",2018,ROY
Mike Ganter,Toronto Sun,"Simmons, Ben (PHI)","Mitchell, Donovan (UTA)","Tatum, Jayson (BOS)",2018,ROY
NBA Fan Voting,NA,"Simmons, Ben (PHI)","Mitchell, Donovan (UTA)","Tatum, Jayson (BOS)",2018,ROY
Nira Khurana,Excelsior,"Simmons, Ben (PHI)","Mitchell, Donovan (UTA)","Tatum, Jayson (BOS)",2018,ROY
Paul Flannery,SB Nation,"Simmons, Ben (PHI)","Mitchell, Donovan (UTA)","Tatum, Jayson (BOS)",2018,ROY
Rachel Nichols,ABC/ESPN,"Simmons, Ben (PHI)","Mitchell, Donovan (UTA)","Tatum, Jayson (BOS)",2018,ROY
Ramona Shelburne,ESPN.com,"Simmons, Ben (PHI)","Mitchell, Donovan (UTA)","Tatum, Jayson (BOS)",2018,ROY
Reggie Miller,Turner,"Mitchell, Donovan (UTA)","Simmons, Ben (PHI)","Tatum, Jayson (BOS)",2018,ROY
Ric Bucher,Bleacher Report,"Mitchell, Donovan (UTA)","Simmons, Ben (PHI)","Tatum, Jayson (BOS)",2018,ROY
Richard Walker,Gaston Gazette,"Simmons, Ben (PHI)","Mitchell, Donovan (UTA)","Tatum, Jayson (BOS)",2018,ROY
Rob Mahoney,Sports Illustrated,"Simmons, Ben (PHI)","Mitchell, Donovan (UTA)","Tatum, Jayson (BOS)",2018,ROY
Rod Beard,Detroit News,"Simmons, Ben (PHI)","Mitchell, Donovan (UTA)","Tatum, Jayson (BOS)",2018,ROY
Ron Tillery,Memphis Commercial Appeal,"Simmons, Ben (PHI)","Mitchell, Donovan (UTA)","Tatum, Jayson (BOS)",2018,ROY
Rosalyn Gold‐Onwude,Turner,"Simmons, Ben (PHI)","Mitchell, Donovan (UTA)","Tatum, Jayson (BOS)",2018,ROY
Royce Young,ESPN.com,"Simmons, Ben (PHI)","Mitchell, Donovan (UTA)","Tatum, Jayson (BOS)",2018,ROY
Sam Amick,USA Today,"Simmons, Ben (PHI)","Mitchell, Donovan (UTA)","Tatum, Jayson (BOS)",2018,ROY
Scott Bordow,Arizona Republic,"Simmons, Ben (PHI)","Mitchell, Donovan (UTA)","Tatum, Jayson (BOS)",2018,ROY
Sean Deveney,The Sporting News,"Simmons, Ben (PHI)","Mitchell, Donovan (UTA)","Tatum, Jayson (BOS)",2018,ROY
Sekou Smith,NBA.com,"Simmons, Ben (PHI)","Mitchell, Donovan (UTA)","Tatum, Jayson (BOS)",2018,ROY
Sherrod Blakely,NBC Sports Boston,"Mitchell, Donovan (UTA)","Simmons, Ben (PHI)","Tatum, Jayson (BOS)",2018,ROY
Stefan Bondy,New York Daily News,"Simmons, Ben (PHI)","Mitchell, Donovan (UTA)","Tatum, Jayson (BOS)",2018,ROY
Steve Aschburner,NBA.com,"Simmons, Ben (PHI)","Mitchell, Donovan (UTA)","Tatum, Jayson (BOS)",2018,ROY
Steve Smith,Turner,"Simmons, Ben (PHI)","Mitchell, Donovan (UTA)","Tatum, Jayson (BOS)",2018,ROY
Thales Soares,Globoesporte.com,"Simmons, Ben (PHI)","Mitchell, Donovan (UTA)","Tatum, Jayson (BOS)",2018,ROY
Tim Reynolds,Associated Press,"Mitchell, Donovan (UTA)","Simmons, Ben (PHI)","Tatum, Jayson (BOS)",2018,ROY
TJ Manotoc,ABS‐CBN,"Simmons, Ben (PHI)","Mitchell, Donovan (UTA)","Tatum, Jayson (BOS)",2018,ROY
Tony Jones,Salt Lake Tribune,"Mitchell, Donovan (UTA)","Simmons, Ben (PHI)","Tatum, Jayson (BOS)",2018,ROY
Vincent Goodwill,NBC Sports Chicago,"Simmons, Ben (PHI)","Mitchell, Donovan (UTA)","Tatum, Jayson (BOS)",2018,ROY
Weiping Zhang,CCTV,"Simmons, Ben (PHI)","Mitchell, Donovan (UTA)","Tatum, Jayson (BOS)",2018,ROY
Will Guillory,New Orleans Times‐Picayune,"Simmons, Ben (PHI)","Mitchell, Donovan (UTA)","Tatum, Jayson (BOS)",2018,ROY
Xavier Vaution,BeIn Sport,"Simmons, Ben (PHI)","Mitchell, Donovan (UTA)","Tatum, Jayson (BOS)",2018,ROY
Yoko Miyaji,Sports Graphic Number,"Simmons, Ben (PHI)","Mitchell, Donovan (UTA)","Tatum, Jayson (BOS)",2018,ROY
Zach Lowe,ESPN.com,"Simmons, Ben (PHI)","Mitchell, Donovan (UTA)","Tatum, Jayson (BOS)",2018,ROY
Ailene Voisin,Sacramento Bee,"Embiid, Joel (Phi.)","Brogdon, Malcolm (Mil.)","Saric, Dario (Phi.)",2017,ROY
Andrew Sharp,Sports Illustrated,"Embiid, Joel (Phi.)","Saric, Dario (Phi.)","Brogdon, Malcolm (Mil.)",2017,ROY
Anthony Slater,Bay Area News Group,"Brogdon, Malcolm (Mil.)","Saric, Dario (Phi.)","Embiid, Joel (Phi.)",2017,ROY
Antoni Daimiel,Moviestar+,"Embiid, Joel (Phi.)","Saric, Dario (Phi.)","Hernangomez, Willy (N.Y.)",2017,ROY
Ben Golliver,Sports Illustrated,"Embiid, Joel (Phi.)","Brogdon, Malcolm (Mil.)","Saric, Dario (Phi.)",2017,ROY
Bill Oram,Orange County Register,"Brogdon, Malcolm (Mil.)","Saric, Dario (Phi.)","Hield, Buddy (Sac.)",2017,ROY
Bill Simmons,The Ringer,"Brogdon, Malcolm (Mil.)","Saric, Dario (Phi.)","Hield, Buddy (Sac.)",2017,ROY
Brent Barry,Turner,"Brogdon, Malcolm (Mil.)","Saric, Dario (Phi.)","Murray, Jamal (Den.)",2017,ROY
Brian Lewis,New York Post,"Brogdon, Malcolm (Mil.)","Saric, Dario (Phi.)","Embiid, Joel (Phi.)",2017,ROY
Brian Mahoney,Associated Press,"Embiid, Joel (Phi.)","Saric, Dario (Phi.)","Brogdon, Malcolm (Mil.)",2017,ROY
Brian Windhorst,ESPN.com,"Embiid, Joel (Phi.)","Brogdon, Malcolm (Mil.)","Saric, Dario (Phi.)",2017,ROY
Calvin Watkins,ESPN.com,"Brogdon, Malcolm (Mil.)","Saric, Dario (Phi.)","Embiid, Joel (Phi.)",2017,ROY
Charles Gardner,Milwaukee Journal-Sentinel,"Brogdon, Malcolm (Mil.)","Saric, Dario (Phi.)","Embiid, Joel (Phi.)",2017,ROY
Chris Broussard,Fox Sports,"Brogdon, Malcolm (Mil.)","Saric, Dario (Phi.)","Embiid, Joel (Phi.)",2017,ROY
Chris Webber,Turner,"Brogdon, Malcolm (Mil.)","Saric, Dario (Phi.)","Embiid, Joel (Phi.)",2017,ROY
David Aldridge,Turner,"Brogdon, Malcolm (Mil.)","Saric, Dario (Phi.)","Embiid, Joel (Phi.)",2017,ROY
Davide Chinellato,LaGazetta Dello Sport,"Brogdon, Malcolm (Mil.)","Saric, Dario (Phi.)","Hield, Buddy (Sac.)",2017,ROY
Dennis Scott,Turner,"Brogdon, Malcolm (Mil.)","Saric, Dario (Phi.)","Embiid, Joel (Phi.)",2017,ROY
Doris Burke,ABC/ESPN,"Brogdon, Malcolm (Mil.)","Saric, Dario (Phi.)","Hield, Buddy (Sac.)",2017,ROY
Doug Collins,ABC/ESPN,"Brogdon, Malcolm (Mil.)","Saric, Dario (Phi.)","Embiid, Joel (Phi.)",2017,ROY
Doug Haller,Arizona Republic,"Brogdon, Malcolm (Mil.)","Saric, Dario (Phi.)","Embiid, Joel (Phi.)",2017,ROY
Doug Smith,The Toronto Star,"Brogdon, Malcolm (Mil.)","Saric, Dario (Phi.)","Hield, Buddy (Sac.)",2017,ROY
Eddie Sefko,Dallas Morning News,"Brogdon, Malcolm (Mil.)","Saric, Dario (Phi.)","Ferrell, Yogi (Dal.)",2017,ROY
Erik Horne,The Oklahoman,"Embiid, Joel (Phi.)","Brogdon, Malcolm (Mil.)","Saric, Dario (Phi.)",2017,ROY
Ernie Johnson,Turner,"Brogdon, Malcolm (Mil.)","Saric, Dario (Phi.)","Embiid, Joel (Phi.)",2017,ROY
Flavio Tranquillo,Sky Italia,"Embiid, Joel (Phi.)","Brogdon, Malcolm (Mil.)","Saric, Dario (Phi.)",2017,ROY
Fran Blinebury,NBA.com,"Brogdon, Malcolm (Mil.)","Saric, Dario (Phi.)","Hernangomez, Willy (N.Y.)",2017,ROY
Frank Isola,Sirius Radio/New York Daily News,"Brogdon, Malcolm (Mil.)","Saric, Dario (Phi.)","Hield, Buddy (Sac.)",2017,ROY
Gary Washburn,Boston Globe,"Brogdon, Malcolm (Mil.)","Saric, Dario (Phi.)","Embiid, Joel (Phi.)",2017,ROY
Howard Beck,Bleacher Report,"Brogdon, Malcolm (Mil.)","Saric, Dario (Phi.)","Embiid, Joel (Phi.)",2017,ROY
Hubie Brown,ABC/ESPN,"Embiid, Joel (Phi.)","Saric, Dario (Phi.)","Brogdon, Malcolm (Mil.)",2017,ROY
J Michael Falgoust,CSN Washington,"Brogdon, Malcolm (Mil.)","Saric, Dario (Phi.)","McGruder, Rodney (Mia.)",2017,ROY
JA Adande,ESPN.com,"Embiid, Joel (Phi.)","Saric, Dario (Phi.)","Brogdon, Malcolm (Mil.)",2017,ROY
Jackie MacMullan,ESPN.com,"Embiid, Joel (Phi.)","Brogdon, Malcolm (Mil.)","Saric, Dario (Phi.)",2017,ROY
Jacques Monclar,BEIN Sport,"Saric, Dario (Phi.)","Brogdon, Malcolm (Mil.)","Embiid, Joel (Phi.)",2017,ROY
Jalen Rose,ABC/ESPN,"Embiid, Joel (Phi.)","Brogdon, Malcolm (Mil.)","Saric, Dario (Phi.)",2017,ROY
Jared Greenberg,Turner,"Saric, Dario (Phi.)","Brogdon, Malcolm (Mil.)","Murray, Jamal (Den.)",2017,ROY
Jason Jones,Sacramento Bee,"Brogdon, Malcolm (Mil.)","Saric, Dario (Phi.)","Brown, Jaylen (Bos.)",2017,ROY
Jeff McDonald,San Antonio Express-News,"Brogdon, Malcolm (Mil.)","Saric, Dario (Phi.)","Embiid, Joel (Phi.)",2017,ROY
Jeff Zillgitt,USA Today,"Brogdon, Malcolm (Mil.)","Saric, Dario (Phi.)","Hield, Buddy (Sac.)",2017,ROY
Jerry Zgoda,Minneapolis Star-Tribune,"Embiid, Joel (Phi.)","Brogdon, Malcolm (Mil.)","Saric, Dario (Phi.)",2017,ROY
Joe Freeman,The Oregonian,"Brogdon, Malcolm (Mil.)","Saric, Dario (Phi.)","Hield, Buddy (Sac.)",2017,ROY
Joe Vardon,Cleveland.com,"Saric, Dario (Phi.)","Brogdon, Malcolm (Mil.)","Embiid, Joel (Phi.)",2017,ROY
John Schuhmann,NBA.com,"Brogdon, Malcolm (Mil.)","Saric, Dario (Phi.)","Embiid, Joel (Phi.)",2017,ROY
Jon Barry,ESPN Radio,"Brogdon, Malcolm (Mil.)","Saric, Dario (Phi.)","Murray, Jamal (Den.)",2017,ROY
Jon Krawczynski,Associated Press,"Brogdon, Malcolm (Mil.)","Saric, Dario (Phi.)","Hield, Buddy (Sac.)",2017,ROY
Justin Termine,Sirius XM,"Embiid, Joel (Phi.)","Brogdon, Malcolm (Mil.)","Saric, Dario (Phi.)",2017,ROY
Justin Verrier,ESPN.com,"Embiid, Joel (Phi.)","Brogdon, Malcolm (Mil.)","Saric, Dario (Phi.)",2017,ROY
KC Johnson,Chicago Tribune,"Brogdon, Malcolm (Mil.)","Saric, Dario (Phi.)","Hield, Buddy (Sac.)",2017,ROY
Keith Pompey,Philadelphia Inquirer,"Saric, Dario (Phi.)","Brogdon, Malcolm (Mil.)","Embiid, Joel (Phi.)",2017,ROY
Kevin Arnovitz,ESPN.com,"Brogdon, Malcolm (Mil.)","Embiid, Joel (Phi.)","Hernangomez, Willy (N.Y.)",2017,ROY
Kevin Ding,Bleacher Report,"Saric, Dario (Phi.)","Brogdon, Malcolm (Mil.)","Embiid, Joel (Phi.)",2017,ROY
Kevin Harlan,Turner,"Brogdon, Malcolm (Mil.)","Saric, Dario (Phi.)","Hield, Buddy (Sac.)",2017,ROY
Kevin O'Connor,The Ringer,"Brogdon, Malcolm (Mil.)","Saric, Dario (Phi.)","Hield, Buddy (Sac.)",2017,ROY
Kristen Ledlow,Turner,"Brogdon, Malcolm (Mil.)","Embiid, Joel (Phi.)","Saric, Dario (Phi.)",2017,ROY
Kurt Helin,NBCSports.com,"Brogdon, Malcolm (Mil.)","Embiid, Joel (Phi.)","Hernangomez, Willy (N.Y.)",2017,ROY
Lang Whitaker,NBA.com,"Brogdon, Malcolm (Mil.)","Saric, Dario (Phi.)","Chriss, Marquese (Pho.)",2017,ROY
Lee Jenkins,Sports Illustrated,"Brogdon, Malcolm (Mil.)","Saric, Dario (Phi.)","Embiid, Joel (Phi.)",2017,ROY
Lisa Shen Yang,Tencent,"Brogdon, Malcolm (Mil.)","Embiid, Joel (Phi.)","Hernangomez, Willy (N.Y.)",2017,ROY
Manny Navaro,Miami Herald,"Brogdon, Malcolm (Mil.)","Embiid, Joel (Phi.)","Saric, Dario (Phi.)",2017,ROY
Marc Berman,New York Post,"Saric, Dario (Phi.)","Brogdon, Malcolm (Mil.)","Embiid, Joel (Phi.)",2017,ROY
Marc Kestecher,ESPN Radio,"Brogdon, Malcolm (Mil.)","Embiid, Joel (Phi.)","Murray, Jamal (Den.)",2017,ROY
Marc Spears,The Undefeated,"Embiid, Joel (Phi.)","Brogdon, Malcolm (Mil.)","Saric, Dario (Phi.)",2017,ROY
Marc Stein,ESPN.com,"Embiid, Joel (Phi.)","Brogdon, Malcolm (Mil.)","Saric, Dario (Phi.)",2017,ROY
Marcelo Nogueira,Ole,"Saric, Dario (Phi.)","Brogdon, Malcolm (Mil.)","Embiid, Joel (Phi.)",2017,ROY
Mark Jackson,ABC/ESPN,"Brogdon, Malcolm (Mil.)","Embiid, Joel (Phi.)","Saric, Dario (Phi.)",2017,ROY
Mark Medina,LA Daily News,"Brogdon, Malcolm (Mil.)","Saric, Dario (Phi.)","Embiid, Joel (Phi.)",2017,ROY
Matt Moore,CBSSports.com,"Brogdon, Malcolm (Mil.)","Saric, Dario (Phi.)","Embiid, Joel (Phi.)",2017,ROY
Matt Winer,Turner,"Brogdon, Malcolm (Mil.)","Saric, Dario (Phi.)","Hernangomez, Willy (N.Y.)",2017,ROY
Michael Grange,Rogers Sportsnet,"Saric, Dario (Phi.)","Brogdon, Malcolm (Mil.)","Chriss, Marquese (Pho.)",2017,ROY
Michael Wilbon,ABC/ESPN,"Brogdon, Malcolm (Mil.)","Saric, Dario (Phi.)","Embiid, Joel (Phi.)",2017,ROY
Michelle Beadle,ABC/ESPN,"Brogdon, Malcolm (Mil.)","Embiid, Joel (Phi.)","Saric, Dario (Phi.)",2017,ROY
Mike Breen,ABC/ESPN,"Saric, Dario (Phi.)","Brogdon, Malcolm (Mil.)","Hield, Buddy (Sac.)",2017,ROY
Nate Taylor,Indianapolis Star,"Brogdon, Malcolm (Mil.)","Saric, Dario (Phi.)","Embiid, Joel (Phi.)",2017,ROY
Nira Khurana,Excelsior,"Saric, Dario (Phi.)","Brogdon, Malcolm (Mil.)","Embiid, Joel (Phi.)",2017,ROY
Paul Flannery,SB Nation,"Brogdon, Malcolm (Mil.)","Embiid, Joel (Phi.)","Saric, Dario (Phi.)",2017,ROY
Rachel Nichols,ABC/ESPN,"Embiid, Joel (Phi.)","Brogdon, Malcolm (Mil.)","Saric, Dario (Phi.)",2017,ROY
Ramona Shelburne,ESPN.com,"Embiid, Joel (Phi.)","Brogdon, Malcolm (Mil.)","Saric, Dario (Phi.)",2017,ROY
Reggie Miller,Turner,"Saric, Dario (Phi.)","Brogdon, Malcolm (Mil.)","Embiid, Joel (Phi.)",2017,ROY
Ric Bucher,Bleacher Report,"Brogdon, Malcolm (Mil.)","Murray, Jamal (Den.)","Saric, Dario (Phi.)",2017,ROY
Richard Walker,Gaston Gazette,"Brogdon, Malcolm (Mil.)","Saric, Dario (Phi.)","Embiid, Joel (Phi.)",2017,ROY
Rod Beard,Detroit News,"Brogdon, Malcolm (Mil.)","Saric, Dario (Phi.)","Hield, Buddy (Sac.)",2017,ROY
Ron Tillery,Memphis Commercial-Appeal,"Embiid, Joel (Phi.)","Brogdon, Malcolm (Mil.)","Saric, Dario (Phi.)",2017,ROY
Royce Young,ESPN,"Saric, Dario (Phi.)","Hield, Buddy (Sac.)","Embiid, Joel (Phi.)",2017,ROY
Ryan Wolstat,Toronto Sun,"Embiid, Joel (Phi.)","Brogdon, Malcolm (Mil.)","Saric, Dario (Phi.)",2017,ROY
Sage Steele,ABC/ESPN,"Embiid, Joel (Phi.)","Brogdon, Malcolm (Mil.)","Saric, Dario (Phi.)",2017,ROY
Sam Amick,USA Today,"Brogdon, Malcolm (Mil.)","Saric, Dario (Phi.)","Embiid, Joel (Phi.)",2017,ROY
Sean Deveney,The Sporting News,"Brogdon, Malcolm (Mil.)","Saric, Dario (Phi.)","Hield, Buddy (Sac.)",2017,ROY
Sekou Smith,NBA.com,"Brogdon, Malcolm (Mil.)","Saric, Dario (Phi.)","Embiid, Joel (Phi.)",2017,ROY
Sherrod Blakely,CSN New England,"Brogdon, Malcolm (Mil.)","Saric, Dario (Phi.)","Chriss, Marquese (Pho.)",2017,ROY
Steve Aschburner,NBA.com,"Brogdon, Malcolm (Mil.)","Saric, Dario (Phi.)","Murray, Jamal (Den.)",2017,ROY
Steve Kyler,Basketball Insiders,"Brogdon, Malcolm (Mil.)","Saric, Dario (Phi.)","Hernangomez, Willy (N.Y.)",2017,ROY
Steve Smith,Turner,"Brogdon, Malcolm (Mil.)","Saric, Dario (Phi.)","Hield, Buddy (Sac.)",2017,ROY
Tim Reynolds,Associated Press,"Embiid, Joel (Phi.)","Brogdon, Malcolm (Mil.)","Saric, Dario (Phi.)",2017,ROY
TJ Manotoc,ABC-CBN,"Brogdon, Malcolm (Mil.)","Saric, Dario (Phi.)","Hield, Buddy (Sac.)",2017,ROY
Tony Jones,Salt Lake Tribune,"Brogdon, Malcolm (Mil.)","Saric, Dario (Phi.)","Embiid, Joel (Phi.)",2017,ROY
Vince Goodwill,CSN Chicago,"Brogdon, Malcolm (Mil.)","Saric, Dario (Phi.)","Embiid, Joel (Phi.)",2017,ROY
Weiping Zhang,CCTV,"Saric, Dario (Phi.)","Brogdon, Malcolm (Mil.)","Embiid, Joel (Phi.)",2017,ROY
Yoko Miyaji,Sports Graphic Number,"Brogdon, Malcolm (Mil.)","Saric, Dario (Phi.)","Hernangomez, Willy (N.Y.)",2017,ROY
Zach Lowe,ESPN.com,"Brogdon, Malcolm (Mil.)","Saric, Dario (Phi.)","Hield, Buddy (Sac.)",2017,ROY
Aaron Falk,Salt Lake Tribune,"Towns, Karl-Anthony -- MIN","Porzingis, Kristaps -- NYK","Booker, Devin -- PHX",2016,ROY
Adam Himmelsbach,Boston Globe,"Towns, Karl-Anthony -- MIN","Porzingis, Kristaps -- NYK","Jokic, Nikola -- DEN",2016,ROY
Al Iannazzone,Newsday,"Towns, Karl-Anthony -- MIN","Porzingis, Kristaps -- NYK","Booker, Devin -- PHX",2016,ROY
Alan Horton,WCCO 830-AM,"Towns, Karl-Anthony -- MIN","Jokic, Nikola -- DEN","Porzingis, Kristaps -- NYK",2016,ROY
Andre Aldridge,Fox Sports South,"Towns, Karl-Anthony -- MIN","Porzingis, Kristaps -- NYK","Booker, Devin -- PHX",2016,ROY
Anthony Slater,The Oklahoman,"Towns, Karl-Anthony -- MIN","Porzingis, Kristaps -- NYK","Booker, Devin -- PHX",2016,ROY
Antonio Harvey,Fox Sports Radio/620AM,"Towns, Karl-Anthony -- MIN","Porzingis, Kristaps -- NYK","Okafor, Jahlil -- PHI",2016,ROY
Bill Land,Fox Sports Southwest,"Towns, Karl-Anthony -- MIN","Porzingis, Kristaps -- NYK","Jokic, Nikola -- DEN",2016,ROY
Bill Oram,Orange County Register,"Towns, Karl-Anthony -- MIN","Porzingis, Kristaps -- NYK","Jokic, Nikola -- DEN",2016,ROY
Bill Reiter,CBSSports.com,"Towns, Karl-Anthony -- MIN","Porzingis, Kristaps -- NYK","Booker, Devin -- PHX",2016,ROY
Bill Schoening,WOAI Radio,"Towns, Karl-Anthony -- MIN","Porzingis, Kristaps -- NYK","Okafor, Jahlil -- PHI",2016,ROY
Bill Simmons,Bill Simmons Podcast/HBO,"Towns, Karl-Anthony -- MIN","Porzingis, Kristaps -- NYK","Jokic, Nikola -- DEN",2016,ROY
Bob Rathbun,Fox Sports South,"Towns, Karl-Anthony -- MIN","Porzingis, Kristaps -- NYK","Booker, Devin -- PHX",2016,ROY
Brian Davis,Fox Sports Oklahoma,"Towns, Karl-Anthony -- MIN","Jokic, Nikola -- DEN","Porzingis, Kristaps -- NYK",2016,ROY
Brian Lewis,New York Post,"Towns, Karl-Anthony -- MIN","Porzingis, Kristaps -- NYK","Jokic, Nikola -- DEN",2016,ROY
Brian Mahoney,Associated Press,"Towns, Karl-Anthony -- MIN","Porzingis, Kristaps -- NYK","Booker, Devin -- PHX",2016,ROY
Brian Scalabrine,Comcast SportsNet New England,"Towns, Karl-Anthony -- MIN","Porzingis, Kristaps -- NYK","Okafor, Jahlil -- PHI",2016,ROY
Brian Sieman,The Beast 980,"Towns, Karl-Anthony -- MIN","Porzingis, Kristaps -- NYK","Booker, Devin -- PHX",2016,ROY
Brian Windhorst,ESPN.com,"Towns, Karl-Anthony -- MIN","Jokic, Nikola -- DEN","Porzingis, Kristaps -- NYK",2016,ROY
Charles Gardner,Milwaukee Journal Sentinel,"Towns, Karl-Anthony -- MIN","Porzingis, Kristaps -- NYK","Jokic, Nikola -- DEN",2016,ROY
Chris Broussard,ESPN,"Towns, Karl-Anthony -- MIN","Porzingis, Kristaps -- NYK","Booker, Devin -- PHX",2016,ROY
Chris Dempsey,Denver Post,"Towns, Karl-Anthony -- MIN","Porzingis, Kristaps -- NYK","Jokic, Nikola -- DEN",2016,ROY
Chris Denari,Fox Sports Indiana,"Towns, Karl-Anthony -- MIN","Porzingis, Kristaps -- NYK","Turner, Myles -- IND",2016,ROY
Chris Haynes,Northeast Ohio Media Group/Cleveland.com,"Towns, Karl-Anthony -- MIN","Porzingis, Kristaps -- NYK","Booker, Devin -- PHX",2016,ROY
Chris Marlowe,Altitude Sports & Entertainment,"Towns, Karl-Anthony -- MIN","Porzingis, Kristaps -- NYK","Jokic, Nikola -- DEN",2016,ROY
Chris Sheridan,Sheridanhoops.com,"Towns, Karl-Anthony -- MIN","Booker, Devin -- PHX","Porzingis, Kristaps -- NYK",2016,ROY
Chuck Cooperstein,ESPN 103.3,"Towns, Karl-Anthony -- MIN","Porzingis, Kristaps -- NYK","Jokic, Nikola -- DEN",2016,ROY
Craig Ackerman,Sportstalk 790 AM,"Towns, Karl-Anthony -- MIN","Porzingis, Kristaps -- NYK","Booker, Devin -- PHX",2016,ROY
Dan Woike,Orange County Register,"Towns, Karl-Anthony -- MIN","Porzingis, Kristaps -- NYK","Jokic, Nikola -- DEN",2016,ROY
Dave Johnson,106.7 The Fan,"Towns, Karl-Anthony -- MIN","Porzingis, Kristaps -- NYK","Booker, Devin -- PHX",2016,ROY
David Aldridge,TNT,"Towns, Karl-Anthony -- MIN","Porzingis, Kristaps -- NYK","Okafor, Jahlil -- PHI",2016,ROY
David Steele,Fox Sports Florida,"Towns, Karl-Anthony -- MIN","Porzingis, Kristaps -- NYK","Winslow, Justise -- MIA",2016,ROY
David Wesley,Fox Sports New Orleans,"Towns, Karl-Anthony -- MIN","Porzingis, Kristaps -- NYK","Okafor, Jahlil -- PHI",2016,ROY
Dell Curry,Fox Sports Carolinas/SportSouth,"Towns, Karl-Anthony -- MIN","Porzingis, Kristaps -- NYK","Okafor, Jahlil -- PHI",2016,ROY
Dennis Neumann,ESPN 580 AM,"Towns, Karl-Anthony -- MIN","Porzingis, Kristaps -- NYK","Okafor, Jahlil -- PHI",2016,ROY
Diamond Leung,Bay Area News Group,"Towns, Karl-Anthony -- MIN","Porzingis, Kristaps -- NYK","Jokic, Nikola -- DEN",2016,ROY
Doris Burke,ESPN,"Towns, Karl-Anthony -- MIN","Porzingis, Kristaps -- NYK","Jokic, Nikola -- DEN",2016,ROY
Doug Smith,The Toronto Star,"Towns, Karl-Anthony -- MIN","Porzingis, Kristaps -- NYK","Booker, Devin -- PHX",2016,ROY
Eddie Johnson,Fox Sports Arizona,"Towns, Karl-Anthony -- MIN","Porzingis, Kristaps -- NYK","Booker, Devin -- PHX",2016,ROY
Eddie Sefko,Dallas Morning News,"Towns, Karl-Anthony -- MIN","Porzingis, Kristaps -- NYK","Mudiay, Emmanuel -- DEN",2016,ROY
Eric Collins,Hornets Radio,"Towns, Karl-Anthony -- MIN","Jokic, Nikola -- DEN","Porzingis, Kristaps -- NYK",2016,ROY
Eric Hasseltine,92.9 FM ESPN/680 AM ESPN,"Towns, Karl-Anthony -- MIN","Okafor, Jahlil -- PHI","Porzingis, Kristaps -- NYK",2016,ROY
Eric Reid,Fox Sports Sun,"Towns, Karl-Anthony -- MIN","Porzingis, Kristaps -- NYK","Winslow, Justise -- MIA",2016,ROY
Ernie Johnson,TNT,"Towns, Karl-Anthony -- MIN","Porzingis, Kristaps -- NYK","Turner, Myles -- IND",2016,ROY
Fran Blinebury,NBA.com,"Towns, Karl-Anthony -- MIN","Porzingis, Kristaps -- NYK","Booker, Devin -- PHX",2016,ROY
Frank Isola,Sirius Radio/New York Daily News,"Towns, Karl-Anthony -- MIN","Porzingis, Kristaps -- NYK","Mudiay, Emmanuel -- DEN",2016,ROY
Gary Gerould,Comcast SportsNet-CA,"Towns, Karl-Anthony -- MIN","Porzingis, Kristaps -- NYK","Jokic, Nikola -- DEN",2016,ROY
Gary Washburn,Boston Globe,"Towns, Karl-Anthony -- MIN","Booker, Devin -- PHX","Porzingis, Kristaps -- NYK",2016,ROY
George Blaha,WMGC / Fox Sports Detroit,"Towns, Karl-Anthony -- MIN","Porzingis, Kristaps -- NYK","Turner, Myles -- IND",2016,ROY
Grant Napear,Comcast SportsNet-CA,"Towns, Karl-Anthony -- MIN","Porzingis, Kristaps -- NYK","Jokic, Nikola -- DEN",2016,ROY
Howard Beck,Bleacher Report,"Towns, Karl-Anthony -- MIN","Porzingis, Kristaps -- NYK","Jokic, Nikola -- DEN",2016,ROY
Hubie Brown,ESPN,"Towns, Karl-Anthony -- MIN","Porzingis, Kristaps -- NYK","Okafor, Jahlil -- PHI",2016,ROY
Ian Eagle,YES Network,"Towns, Karl-Anthony -- MIN","Porzingis, Kristaps -- NYK","Booker, Devin -- PHX",2016,ROY
Ira Winderman,South Florida Sun Sentinel,"Towns, Karl-Anthony -- MIN","Porzingis, Kristaps -- NYK","Okafor, Jahlil -- PHI",2016,ROY
Israel Guttierez,ESPN.com,"Towns, Karl-Anthony -- MIN","Porzingis, Kristaps -- NYK","Russell, D'Angelo -- LAL",2016,ROY
JA Adande,ESPN.com,"Towns, Karl-Anthony -- MIN","Porzingis, Kristaps -- NYK","Booker, Devin -- PHX",2016,ROY
Jason Jackson,Fox Sports Sun,"Towns, Karl-Anthony -- MIN","Porzingis, Kristaps -- NYK","Booker, Devin -- PHX",2016,ROY
Jason Jones,Sacramento Bee,"Towns, Karl-Anthony -- MIN","Porzingis, Kristaps -- NYK","Booker, Devin -- PHX",2016,ROY
Jason Lloyd,Akron Beacon Journal,"Towns, Karl-Anthony -- MIN","Porzingis, Kristaps -- NYK","Winslow, Justise -- MIA",2016,ROY
Jason Quick,Comcast SportsNet NW,"Towns, Karl-Anthony -- MIN","Porzingis, Kristaps -- NYK","Okafor, Jahlil -- PHI",2016,ROY
Jeff McDonald,San Antonio Express-News,"Towns, Karl-Anthony -- MIN","Porzingis, Kristaps -- NYK","Jokic, Nikola -- DEN",2016,ROY
Jeff Zillgitt,USA Today,"Towns, Karl-Anthony -- MIN","Porzingis, Kristaps -- NYK","Okafor, Jahlil -- PHI",2016,ROY
Jerry Zgoda,Minneapolis Star Tribune,"Towns, Karl-Anthony -- MIN","Porzingis, Kristaps -- NYK","Booker, Devin -- PHX",2016,ROY
Jessica Camerato,Comcast SportsNet,"Towns, Karl-Anthony -- MIN","Porzingis, Kristaps -- NYK","Jokic, Nikola -- DEN",2016,ROY
Jim Barnett,Comcast SportsNet Bay Area,"Towns, Karl-Anthony -- MIN","Porzingis, Kristaps -- NYK","Booker, Devin -- PHX",2016,ROY
Jim Paschke,Fox Sports Wisconsin,"Towns, Karl-Anthony -- MIN","Porzingis, Kristaps -- NYK","Okafor, Jahlil -- PHI",2016,ROY
Jim Petersen,Fox Sports North,"Towns, Karl-Anthony -- MIN","Porzingis, Kristaps -- NYK","Booker, Devin -- PHX",2016,ROY
Jody Genessy,Deseret News,"Towns, Karl-Anthony -- MIN","Porzingis, Kristaps -- NYK","Jokic, Nikola -- DEN",2016,ROY
Joel Meyers,Fox Sports New Orleans,"Towns, Karl-Anthony -- MIN","Porzingis, Kristaps -- NYK","Okafor, Jahlil -- PHI",2016,ROY
John Denton,OrlandoMagic.com,"Towns, Karl-Anthony -- MIN","Porzingis, Kristaps -- NYK","Booker, Devin -- PHX",2016,ROY
John Krawczynski,Associated Press,"Towns, Karl-Anthony -- MIN","Porzingis, Kristaps -- NYK","Winslow, Justise -- MIA",2016,ROY
John Michael,Cavaliers Radio,"Towns, Karl-Anthony -- MIN","Porzingis, Kristaps -- NYK","Booker, Devin -- PHX",2016,ROY
Jon Barry,ESPN Radio,"Towns, Karl-Anthony -- MIN","Porzingis, Kristaps -- NYK","Okafor, Jahlil -- PHI",2016,ROY
Jonathan Feigen,Houston Chronicle,"Towns, Karl-Anthony -- MIN","Porzingis, Kristaps -- NYK","Jokic, Nikola -- DEN",2016,ROY
K.C. Johnson,Chicago Tribune,"Towns, Karl-Anthony -- MIN","Porzingis, Kristaps -- NYK","Jokic, Nikola -- DEN",2016,ROY
Ken Berger,CBSSports.com,"Towns, Karl-Anthony -- MIN","Porzingis, Kristaps -- NYK","Jokic, Nikola -- DEN",2016,ROY
Kevin Arnovitz,ESPN.com,"Towns, Karl-Anthony -- MIN","Porzingis, Kristaps -- NYK","Jokic, Nikola -- DEN",2016,ROY
Kevin Calabro,ESPN Radio,"Towns, Karl-Anthony -- MIN","Porzingis, Kristaps -- NYK","Mudiay, Emmanuel -- DEN",2016,ROY
Lang Whitaker,NBA.com,"Towns, Karl-Anthony -- MIN","Porzingis, Kristaps -- NYK","Booker, Devin -- PHX",2016,ROY
Marc Spears,The Undefeated,"Towns, Karl-Anthony -- MIN","Porzingis, Kristaps -- NYK","Okafor, Jahlil -- PHI",2016,ROY
Marc Stein,ESPN.com,"Towns, Karl-Anthony -- MIN","Porzingis, Kristaps -- NYK","Jokic, Nikola -- DEN",2016,ROY
Marc Zumoff,Sixers TV,"Towns, Karl-Anthony -- MIN","Porzingis, Kristaps -- NYK","Okafor, Jahlil -- PHI",2016,ROY
Mark Boyle,107.5/1070 The Fan,"Towns, Karl-Anthony -- MIN","Porzingis, Kristaps -- NYK","Okafor, Jahlil -- PHI",2016,ROY
Mark Followill,TXA-21/Fox Sports Net,"Towns, Karl-Anthony -- MIN","Porzingis, Kristaps -- NYK","Winslow, Justise -- MIA",2016,ROY
Mark Medina,LA Daily News,"Towns, Karl-Anthony -- MIN","Porzingis, Kristaps -- NYK","Booker, Devin -- PHX",2016,ROY
Marv Albert,TNT,"Towns, Karl-Anthony -- MIN","Porzingis, Kristaps -- NYK","Okafor, Jahlil -- PHI",2016,ROY
Matt Bullard,Root Sports Southwest,"Towns, Karl-Anthony -- MIN","Porzingis, Kristaps -- NYK","Jokic, Nikola -- DEN",2016,ROY
Matt Devlin,SportsNet/TSN,"Towns, Karl-Anthony -- MIN","Porzingis, Kristaps -- NYK","Okafor, Jahlil -- PHI",2016,ROY
Matt Pinto,WWLS / 98.1,"Towns, Karl-Anthony -- MIN","Porzingis, Kristaps -- NYK","Booker, Devin -- PHX",2016,ROY
Matt Winer,NBA TV,"Towns, Karl-Anthony -- MIN","Porzingis, Kristaps -- NYK","Winslow, Justise -- MIA",2016,ROY
Michael Wilbon,ESPN,"Towns, Karl-Anthony -- MIN","Porzingis, Kristaps -- NYK","Okafor, Jahlil -- PHI",2016,ROY
Mike Breen,ABC Sports,"Towns, Karl-Anthony -- MIN","Porzingis, Kristaps -- NYK","Booker, Devin -- PHX",2016,ROY
Mike Crispino,MSG Network,"Towns, Karl-Anthony -- MIN","Porzingis, Kristaps -- NYK","Booker, Devin -- PHX",2016,ROY
Mike Fratello,TNT,"Towns, Karl-Anthony -- MIN","Porzingis, Kristaps -- NYK","Okafor, Jahlil -- PHI",2016,ROY
Mike Monroe,The Rivard Report,"Towns, Karl-Anthony -- MIN","Porzingis, Kristaps -- NYK","Okafor, Jahlil -- PHI",2016,ROY
Mike Rice,Comcast SportsNet NW,"Towns, Karl-Anthony -- MIN","Booker, Devin -- PHX","Porzingis, Kristaps -- NYK",2016,ROY
Mike Tirico,ESPN,"Towns, Karl-Anthony -- MIN","Porzingis, Kristaps -- NYK","Jokic, Nikola -- DEN",2016,ROY
Nate Taylor,Indianapolis Star,"Towns, Karl-Anthony -- MIN","Jokic, Nikola -- DEN","Porzingis, Kristaps -- NYK",2016,ROY
Nick Friedell,ESPNChicago.com,"Towns, Karl-Anthony -- MIN","Porzingis, Kristaps -- NYK","Jokic, Nikola -- DEN",2016,ROY
Paul Coro,The Arizona Republic,"Towns, Karl-Anthony -- MIN","Porzingis, Kristaps -- NYK","Booker, Devin -- PHX",2016,ROY
Paul Jones,TSN 1050/Sportsnet 590 The Fan,"Towns, Karl-Anthony -- MIN","Porzingis, Kristaps -- NYK","Mudiay, Emmanuel -- DEN",2016,ROY
Pete Pranica,Fox Sports Southeast,"Towns, Karl-Anthony -- MIN","Porzingis, Kristaps -- NYK","Booker, Devin -- PHX",2016,ROY
Phil Chenier,Comcast SportsNet Mid-Atlantic,"Towns, Karl-Anthony -- MIN","Porzingis, Kristaps -- NYK","Okafor, Jahlil -- PHI",2016,ROY
Ralph Lawler,Prime Ticket,"Towns, Karl-Anthony -- MIN","Okafor, Jahlil -- PHI","Porzingis, Kristaps -- NYK",2016,ROY
Ramona Shelburne,ESPN.com,"Towns, Karl-Anthony -- MIN","Porzingis, Kristaps -- NYK","Jokic, Nikola -- DEN",2016,ROY
Ric Bucher,Bleacher Report,"Towns, Karl-Anthony -- MIN","Porzingis, Kristaps -- NYK","Jokic, Nikola -- DEN",2016,ROY
Rick Bonnell,Charlotte Observer,"Towns, Karl-Anthony -- MIN","Porzingis, Kristaps -- NYK","Booker, Devin -- PHX",2016,ROY
Rod Beard,Detroit News,"Towns, Karl-Anthony -- MIN","Porzingis, Kristaps -- NYK","Booker, Devin -- PHX",2016,ROY
Ron Boone,ROOT Sports,"Towns, Karl-Anthony -- MIN","Porzingis, Kristaps -- NYK","Jokic, Nikola -- DEN",2016,ROY
Ron Tillery,Memphis Commercial Appeal,"Towns, Karl-Anthony -- MIN","Porzingis, Kristaps -- NYK","Jokic, Nikola -- DEN",2016,ROY
Rusty Simmons,San Francisco Chronicle,"Towns, Karl-Anthony -- MIN","Porzingis, Kristaps -- NYK","Booker, Devin -- PHX",2016,ROY
Sage Steele,ABC Sports,"Towns, Karl-Anthony -- MIN","Porzingis, Kristaps -- NYK","Winslow, Justise -- MIA",2016,ROY
Sam Amick,USA Today,"Towns, Karl-Anthony -- MIN","Porzingis, Kristaps -- NYK","Jokic, Nikola -- DEN",2016,ROY
Sam Smith,Bulls.com,"Towns, Karl-Anthony -- MIN","Porzingis, Kristaps -- NYK","Booker, Devin -- PHX",2016,ROY
Scott Hastings,Altitude Sports & Entertainment,"Towns, Karl-Anthony -- MIN","Porzingis, Kristaps -- NYK","Jokic, Nikola -- DEN",2016,ROY
Sean Deveney,The Sporting News,"Towns, Karl-Anthony -- MIN","Porzingis, Kristaps -- NYK","Jokic, Nikola -- DEN",2016,ROY
Sean Kelley,WRNO 99.5 FM,"Towns, Karl-Anthony -- MIN","Porzingis, Kristaps -- NYK","Jokic, Nikola -- DEN",2016,ROY
Stefan Bondy,New York Daily News,"Towns, Karl-Anthony -- MIN","Porzingis, Kristaps -- NYK","Booker, Devin -- PHX",2016,ROY
Steve Aschburner,NBA.com,"Towns, Karl-Anthony -- MIN","Porzingis, Kristaps -- NYK","Jokic, Nikola -- DEN",2016,ROY
Steve Buckhantz,Comcast SportsNet Mid-Atlantic,"Towns, Karl-Anthony -- MIN","Porzingis, Kristaps -- NYK","Booker, Devin -- PHX",2016,ROY
Steve Holman,Hawks Radio Network,"Towns, Karl-Anthony -- MIN","Jokic, Nikola -- DEN","Porzingis, Kristaps -- NYK",2016,ROY
Ted Davis,WTMJ Radio,"Towns, Karl-Anthony -- MIN","Porzingis, Kristaps -- NYK","Booker, Devin -- PHX",2016,ROY
Tim Capstraw,WFAN (660),"Towns, Karl-Anthony -- MIN","Porzingis, Kristaps -- NYK","Jokic, Nikola -- DEN",2016,ROY
Tim Kempton,KTAR Radio,"Towns, Karl-Anthony -- MIN","Jokic, Nikola -- DEN","Booker, Devin -- PHX",2016,ROY
Tim Reynolds,Associated Press,"Towns, Karl-Anthony -- MIN","Porzingis, Kristaps -- NYK","Booker, Devin -- PHX",2016,ROY
Tom Heinsohn,Comcast SportsNet New England,"Towns, Karl-Anthony -- MIN","Okafor, Jahlil -- PHI","Porzingis, Kristaps -- NYK",2016,ROY
Tom McGinnis,Sixers Radio,"Towns, Karl-Anthony -- MIN","Porzingis, Kristaps -- NYK","Okafor, Jahlil -- PHI",2016,ROY
Vince Ellis,Detroit Free Press,"Towns, Karl-Anthony -- MIN","Porzingis, Kristaps -- NYK","Okafor, Jahlil -- PHI",2016,ROY
Vince Goodwill,CSNChicago.com,"Towns, Karl-Anthony -- MIN","Porzingis, Kristaps -- NYK","Jokic, Nikola -- DEN",2016,ROY
Zach Lowe,ESPN.com,"Towns, Karl-Anthony -- MIN","Porzingis, Kristaps -- NYK","Jokic, Nikola -- DEN",2016,ROY
Aaron Falk,Salt Lake Tribune,"Wiggins, Andrew -- MIN","Mirotic, Nikola -- CHI","Noel, Nerlens -- PHI",2015,ROY
Adrian Chavarria,KEYH 850 AM,"Wiggins, Andrew -- MIN","Payton, Elfrid -- ORL","Mirotic, Nikola -- CHI",2015,ROY
Alan Horton,WCCO 830-AM,"Wiggins, Andrew -- MIN","Mirotic, Nikola -- CHI","Noel, Nerlens -- PHI",2015,ROY
Andre Aldridge,Fox Sports South,"Wiggins, Andrew -- MIN","Mirotic, Nikola -- CHI","Payton, Elfrid -- ORL",2015,ROY
Andy Vasquez,Bergen Record,"Wiggins, Andrew -- MIN","Mirotic, Nikola -- CHI","Noel, Nerlens -- PHI",2015,ROY
Anthony Slater,Oklahoman,"Wiggins, Andrew -- MIN","Mirotic, Nikola -- CHI","Noel, Nerlens -- PHI",2015,ROY
Antonio Harvey,Fox Sports Radio/620AM,"Wiggins, Andrew -- MIN","Payton, Elfrid -- ORL","Mirotic, Nikola -- CHI",2015,ROY
Bill Land,Fox Sports Southwest,"Wiggins, Andrew -- MIN","Mirotic, Nikola -- CHI","Payton, Elfrid -- ORL",2015,ROY
Bill Oram,Orange County Register,"Wiggins, Andrew -- MIN","Mirotic, Nikola -- CHI","Noel, Nerlens -- PHI",2015,ROY
Bill Reiter,Foxsports.com,"Wiggins, Andrew -- MIN","Mirotic, Nikola -- CHI","Noel, Nerlens -- PHI",2015,ROY
Bill Schoening,WOAI Radio,"Wiggins, Andrew -- MIN","Mirotic, Nikola -- CHI","Noel, Nerlens -- PHI",2015,ROY
Bill Simmons,Grantland,"Wiggins, Andrew -- MIN","Noel, Nerlens -- PHI","Mirotic, Nikola -- CHI",2015,ROY
Bill Wennington,WMVP AM 1000,"Mirotic, Nikola -- CHI","Wiggins, Andrew -- MIN","Noel, Nerlens -- PHI",2015,ROY
Bill Worrell,Root Sports Southwest,"Wiggins, Andrew -- MIN","Mirotic, Nikola -- CHI","Payton, Elfrid -- ORL",2015,ROY
Bob Fitzgerald,Comcast SportsNet Bay Area,"Mirotic, Nikola -- CHI","Wiggins, Andrew -- MIN","Smart, Marcus -- BOS",2015,ROY
Bob Rathbun,Fox Sports South,"Mirotic, Nikola -- CHI","Wiggins, Andrew -- MIN","Noel, Nerlens -- PHI",2015,ROY
Brian Sieman,The Beast 980 AM FM,"Wiggins, Andrew -- MIN","Payton, Elfrid -- ORL","Mirotic, Nikola -- CHI",2015,ROY
Brian Windhorst,ESPN.com,"Wiggins, Andrew -- MIN","Mirotic, Nikola -- CHI","Payton, Elfrid -- ORL",2015,ROY
Candace Buckner,Indianapolis Star,"Wiggins, Andrew -- MIN","Mirotic, Nikola -- CHI","Payton, Elfrid -- ORL",2015,ROY
Cedric Maxwell,WEEI Radio,"Mirotic, Nikola -- CHI","Smart, Marcus -- BOS","Wiggins, Andrew -- MIN",2015,ROY
Charles Gardner,Milwaukee Journal Sentinel,"Wiggins, Andrew -- MIN","Mirotic, Nikola -- CHI","Payton, Elfrid -- ORL",2015,ROY
Chris Broussard,ESPN The Magazine,"Wiggins, Andrew -- MIN","Mirotic, Nikola -- CHI","Payton, Elfrid -- ORL",2015,ROY
Chris Carrino,WFAN (660),"Wiggins, Andrew -- MIN","Noel, Nerlens -- PHI","Payton, Elfrid -- ORL",2015,ROY
Chris Dempsey,Denver Post,"Wiggins, Andrew -- MIN","Mirotic, Nikola -- CHI","Noel, Nerlens -- PHI",2015,ROY
Chris Denari,Fox Sports Indiana,"Wiggins, Andrew -- MIN","Mirotic, Nikola -- CHI","Payton, Elfrid -- ORL",2015,ROY
Chris Haynes,Northeast Ohio Media Group/Cleveland.com,"Wiggins, Andrew -- MIN","Noel, Nerlens -- PHI","Mirotic, Nikola -- CHI",2015,ROY
Chris Mannix,Sports Illustrated,"Wiggins, Andrew -- MIN","Mirotic, Nikola -- CHI","Noel, Nerlens -- PHI",2015,ROY
Chris Sheridan,Sheridanhoops.com,"Wiggins, Andrew -- MIN","Mirotic, Nikola -- CHI","Noel, Nerlens -- PHI",2015,ROY
Chuck Cooperstein,ESPN 103.3,"Wiggins, Andrew -- MIN","Mirotic, Nikola -- CHI","Payton, Elfrid -- ORL",2015,ROY
Chuck Swirsky,WMVP AM 1000,"Mirotic, Nikola -- CHI","Wiggins, Andrew -- MIN","Noel, Nerlens -- PHI",2015,ROY
Dan Woike,Orange County Register,"Wiggins, Andrew -- MIN","Mirotic, Nikola -- CHI","Noel, Nerlens -- PHI",2015,ROY
Dante Marchitelli,Fox Sports Florida,"Payton, Elfrid -- ORL","Wiggins, Andrew -- MIN","Noel, Nerlens -- PHI",2015,ROY
Darnell Mayberry,Oklahoman,"Wiggins, Andrew -- MIN","Mirotic, Nikola -- CHI","Noel, Nerlens -- PHI",2015,ROY
Dave Johnson,106.7 The Fan,"Wiggins, Andrew -- MIN","Mirotic, Nikola -- CHI","Payton, Elfrid -- ORL",2015,ROY
David Aldridge,TNT,"Wiggins, Andrew -- MIN","Mirotic, Nikola -- CHI","Noel, Nerlens -- PHI",2015,ROY
David Mayo,Mlive Media Group,"Wiggins, Andrew -- MIN","Noel, Nerlens -- PHI","Mirotic, Nikola -- CHI",2015,ROY
Dell Curry,Fox Sports Carolinas/SportSouth,"Wiggins, Andrew -- MIN","Mirotic, Nikola -- CHI","Noel, Nerlens -- PHI",2015,ROY
Dennis Neumann,ESPN 580 AM,"Payton, Elfrid -- ORL","Wiggins, Andrew -- MIN","Noel, Nerlens -- PHI",2015,ROY
Diamond Leung,Bay Area News Group/Contra Costa Times,"Wiggins, Andrew -- MIN","Mirotic, Nikola -- CHI","Noel, Nerlens -- PHI",2015,ROY
Doris Burke,ESPN,"Wiggins, Andrew -- MIN","Mirotic, Nikola -- CHI","Noel, Nerlens -- PHI",2015,ROY
Doug Smith,The Toronto Star,"Wiggins, Andrew -- MIN","Mirotic, Nikola -- CHI","Payton, Elfrid -- ORL",2015,ROY
Dwain Price,Ft. Worth Star Telegam,"Wiggins, Andrew -- MIN","Mirotic, Nikola -- CHI","Payton, Elfrid -- ORL",2015,ROY
Eric Hasseltine,92.9 FM ESPN/680 AM,"Wiggins, Andrew -- MIN","Mirotic, Nikola -- CHI","Noel, Nerlens -- PHI",2015,ROY
Eric Smith,TSN 1050/Sportsnet 590 The Fan,"Wiggins, Andrew -- MIN","Mirotic, Nikola -- CHI","Payton, Elfrid -- ORL",2015,ROY
Ernie Johnson,TNT,"Wiggins, Andrew -- MIN","Mirotic, Nikola -- CHI","Payton, Elfrid -- ORL",2015,ROY
Ethan Skolnick,Bleacher Report,"Wiggins, Andrew -- MIN","Payton, Elfrid -- ORL","Mirotic, Nikola -- CHI",2015,ROY
Fran Blinebury,NBA.com,"Wiggins, Andrew -- MIN","Noel, Nerlens -- PHI","Mirotic, Nikola -- CHI",2015,ROY
Frank Isola,Sirius Radio/New York Daily News,"Wiggins, Andrew -- MIN","Mirotic, Nikola -- CHI","Noel, Nerlens -- PHI",2015,ROY
Fred McLeod,Fox Sports Ohio,"Wiggins, Andrew -- MIN","Noel, Nerlens -- PHI","Payton, Elfrid -- ORL",2015,ROY
Gary Gerould,Comcast SportsNet-CA,"Wiggins, Andrew -- MIN","Mirotic, Nikola -- CHI","Noel, Nerlens -- PHI",2015,ROY
Gary Washburn,Boston Globe,"Wiggins, Andrew -- MIN","Mirotic, Nikola -- CHI","Noel, Nerlens -- PHI",2015,ROY
George Blaha,WMGC / Fox Sports Detroit,"Wiggins, Andrew -- MIN","Mirotic, Nikola -- CHI","Payton, Elfrid -- ORL",2015,ROY
Glenn Consor,106.7 The Fan,"Wiggins, Andrew -- MIN","Mirotic, Nikola -- CHI","Noel, Nerlens -- PHI",2015,ROY
Grant Napear,Comcast SportsNet-CA,"Wiggins, Andrew -- MIN","Noel, Nerlens -- PHI","Mirotic, Nikola -- CHI",2015,ROY
Howard Beck,Bleacher Report,"Wiggins, Andrew -- MIN","Noel, Nerlens -- PHI","Mirotic, Nikola -- CHI",2015,ROY
Hubie Brown,ESPN,"Mirotic, Nikola -- CHI","Noel, Nerlens -- PHI","Wiggins, Andrew -- MIN",2015,ROY
Israel Guttierez,ESPN.com,"Wiggins, Andrew -- MIN","Payton, Elfrid -- ORL","Mirotic, Nikola -- CHI",2015,ROY
JA Adande,ESPN.com,"Wiggins, Andrew -- MIN","Mirotic, Nikola -- CHI","Payton, Elfrid -- ORL",2015,ROY
Jason Jackson,Sun Sports,"Wiggins, Andrew -- MIN","Mirotic, Nikola -- CHI","Payton, Elfrid -- ORL",2015,ROY
Jason Jones,Sacramento Bee,"Wiggins, Andrew -- MIN","Payton, Elfrid -- ORL","Noel, Nerlens -- PHI",2015,ROY
Jason Kosmicki,Altitude Radio Network,"Wiggins, Andrew -- MIN","Nurkic, Jusuf -- DEN","Mirotic, Nikola -- CHI",2015,ROY
Jason Lloyd,Akron Beacon Journal,"Wiggins, Andrew -- MIN","Mirotic, Nikola -- CHI","Noel, Nerlens -- PHI",2015,ROY
Jeff McDonald,San Antonio Express-News,"Wiggins, Andrew -- MIN","Mirotic, Nikola -- CHI","Noel, Nerlens -- PHI",2015,ROY
Jeff Turner,Fox Sports Florida,"Payton, Elfrid -- ORL","Mirotic, Nikola -- CHI","Wiggins, Andrew -- MIN",2015,ROY
Jeff Zillgitt,USA Today,"Wiggins, Andrew -- MIN","Mirotic, Nikola -- CHI","Noel, Nerlens -- PHI",2015,ROY
Jerry Zgoda,Minneapolis Star Tribune,"Wiggins, Andrew -- MIN","Mirotic, Nikola -- CHI","Noel, Nerlens -- PHI",2015,ROY
Jim Paschke,Fox Sports Wisconsin,"Mirotic, Nikola -- CHI","Wiggins, Andrew -- MIN","Payton, Elfrid -- ORL",2015,ROY
Jim Petersen,Fox Sports North,"Wiggins, Andrew -- MIN","Mirotic, Nikola -- CHI","Noel, Nerlens -- PHI",2015,ROY
Jody Genessy,Deseret News,"Wiggins, Andrew -- MIN","Noel, Nerlens -- PHI","Payton, Elfrid -- ORL",2015,ROY
Joe Cowley,Chicago Sun-Times,"Wiggins, Andrew -- MIN","Mirotic, Nikola -- CHI","Noel, Nerlens -- PHI",2015,ROY
Joe Freeman,The Oregonian,"Wiggins, Andrew -- MIN","Mirotic, Nikola -- CHI","Payton, Elfrid -- ORL",2015,ROY
Joe Goodman,Miami Herald,"Wiggins, Andrew -- MIN","Mirotic, Nikola -- CHI","Payton, Elfrid -- ORL",2015,ROY
Joel Meyers,Fox Sports New Orleans,"Wiggins, Andrew -- MIN","Mirotic, Nikola -- CHI","Payton, Elfrid -- ORL",2015,ROY
John Reid,New Orleans Times Picayune,"Wiggins, Andrew -- MIN","Mirotic, Nikola -- CHI","Payton, Elfrid -- ORL",2015,ROY
Jon Barry,ESPN Radio,"Wiggins, Andrew -- MIN","Mirotic, Nikola -- CHI","Noel, Nerlens -- PHI",2015,ROY
Jonathan Feigen,Houston Chronicle,"Wiggins, Andrew -- MIN","Mirotic, Nikola -- CHI","Noel, Nerlens -- PHI",2015,ROY
Keith Pompey,Philadelphia Inquirer,"Noel, Nerlens -- PHI","Wiggins, Andrew -- MIN","Mirotic, Nikola -- CHI",2015,ROY
Ken Berger,CBSSports.com,"Wiggins, Andrew -- MIN","Noel, Nerlens -- PHI","Payton, Elfrid -- ORL",2015,ROY
Kevin Arnovitz,ESPN.com,"Mirotic, Nikola -- CHI","Wiggins, Andrew -- MIN","Payton, Elfrid -- ORL",2015,ROY
Kevin Calabro,ESPN Radio,"Wiggins, Andrew -- MIN","Mirotic, Nikola -- CHI","Noel, Nerlens -- PHI",2015,ROY
Kevin Ding,Bleacher Report,"Wiggins, Andrew -- MIN","Mirotic, Nikola -- CHI","Noel, Nerlens -- PHI",2015,ROY
Lang Whitaker,NBA.com,"Wiggins, Andrew -- MIN","Mirotic, Nikola -- CHI","Noel, Nerlens -- PHI",2015,ROY
Marc Berman,New York Post,"Wiggins, Andrew -- MIN","Mirotic, Nikola -- CHI","Payton, Elfrid -- ORL",2015,ROY
Marc Spears,Yahoo! Sports,"Wiggins, Andrew -- MIN","Mirotic, Nikola -- CHI","Payton, Elfrid -- ORL",2015,ROY
Marc Stein,ESPN.com,"Mirotic, Nikola -- CHI","Wiggins, Andrew -- MIN","Noel, Nerlens -- PHI",2015,ROY
Marc Zumoff,Comcast SportsNet,"Wiggins, Andrew -- MIN","Noel, Nerlens -- PHI","Mirotic, Nikola -- CHI",2015,ROY
Mark Boyle,107.5/1070 The Fan,"Wiggins, Andrew -- MIN","Noel, Nerlens -- PHI","Mirotic, Nikola -- CHI",2015,ROY
Mark Followill,TXA-21/Fox Sports Net,"Wiggins, Andrew -- MIN","Noel, Nerlens -- PHI","Mirotic, Nikola -- CHI",2015,ROY
Mark Medina,LA Daily News,"Wiggins, Andrew -- MIN","Mirotic, Nikola -- CHI","Noel, Nerlens -- PHI",2015,ROY
Marv Albert,TNT,"Wiggins, Andrew -- MIN","Mirotic, Nikola -- CHI","Noel, Nerlens -- PHI",2015,ROY
Matt Pinto,WWLS / 98.1,"Wiggins, Andrew -- MIN","Mirotic, Nikola -- CHI","Noel, Nerlens -- PHI",2015,ROY
Matt Winer,NBA TV,"Wiggins, Andrew -- MIN","Mirotic, Nikola -- CHI","Noel, Nerlens -- PHI",2015,ROY
Michael Smith,Prime Ticket,"Wiggins, Andrew -- MIN","Mirotic, Nikola -- CHI","Payton, Elfrid -- ORL",2015,ROY
Michael Wilbon,ESPN,"Wiggins, Andrew -- MIN","Mirotic, Nikola -- CHI","Noel, Nerlens -- PHI",2015,ROY
Mike Breen,ABC Sports,"Noel, Nerlens -- PHI","Wiggins, Andrew -- MIN","Mirotic, Nikola -- CHI",2015,ROY
Mike Fratello,TNT,"Mirotic, Nikola -- CHI","Wiggins, Andrew -- MIN","Noel, Nerlens -- PHI",2015,ROY
Mike Gorman,Comcast SportsNet,"Wiggins, Andrew -- MIN","Noel, Nerlens -- PHI","Smart, Marcus -- BOS",2015,ROY
Mike Inglis,WAXY Radio,"Wiggins, Andrew -- MIN","Payton, Elfrid -- ORL","Mirotic, Nikola -- CHI",2015,ROY
Mike Monroe,San Antonio Express-News,"Wiggins, Andrew -- MIN","Mirotic, Nikola -- CHI","Noel, Nerlens -- PHI",2015,ROY
Mike Rice,Comcast SportsNet NW,"Wiggins, Andrew -- MIN","Mirotic, Nikola -- CHI","Clarkson, Jordan -- LAL",2015,ROY
Mike Tirico,ESPN,"Mirotic, Nikola -- CHI","Wiggins, Andrew -- MIN","Noel, Nerlens -- PHI",2015,ROY
Molly Sullivan,Comcast SportsNet,"Noel, Nerlens -- PHI","Wiggins, Andrew -- MIN","Mirotic, Nikola -- CHI",2015,ROY
Paul Coro,Arizona Republic,"Wiggins, Andrew -- MIN","Noel, Nerlens -- PHI","Payton, Elfrid -- ORL",2015,ROY
Pete Pranica,Fox Sports Tennessee,"Wiggins, Andrew -- MIN","Mirotic, Nikola -- CHI","Noel, Nerlens -- PHI",2015,ROY
Phil Chenier,Comcast SportsNet Mid-Atlantic,"Wiggins, Andrew -- MIN","Noel, Nerlens -- PHI","Payton, Elfrid -- ORL",2015,ROY
Ramona Shelburne,ESPN.com,"Wiggins, Andrew -- MIN","Mirotic, Nikola -- CHI","Payton, Elfrid -- ORL",2015,ROY
Ric Bucher,Bleacher Report,"Wiggins, Andrew -- MIN","Payton, Elfrid -- ORL","Mirotic, Nikola -- CHI",2015,ROY
Rick Bonnell,Charlotte Observer,"Wiggins, Andrew -- MIN","Mirotic, Nikola -- CHI","Noel, Nerlens -- PHI",2015,ROY
Ron Boone,ROOT Sports,"Wiggins, Andrew -- MIN","Mirotic, Nikola -- CHI","Noel, Nerlens -- PHI",2015,ROY
Ron Tillery,Memphis Commercial Appeal,"Wiggins, Andrew -- MIN","Mirotic, Nikola -- CHI","Noel, Nerlens -- PHI",2015,ROY
Rusty Simmons,San Francisco Chronicle,"Wiggins, Andrew -- MIN","Noel, Nerlens -- PHI","Payton, Elfrid -- ORL",2015,ROY
Sage Steele,ABC Sports,"Wiggins, Andrew -- MIN","Mirotic, Nikola -- CHI","Noel, Nerlens -- PHI",2015,ROY
Sam Amick,USA Today,"Wiggins, Andrew -- MIN","Noel, Nerlens -- PHI","Mirotic, Nikola -- CHI",2015,ROY
Sam Smith,Bulls.com,"Mirotic, Nikola -- CHI","Wiggins, Andrew -- MIN","Payton, Elfrid -- ORL",2015,ROY
Scott Hastings,Altitude Sports & Entertainment,"Wiggins, Andrew -- MIN","Noel, Nerlens -- PHI","Clarkson, Jordan -- LAL",2015,ROY
Sean Deveney,The Sporting News,"Wiggins, Andrew -- MIN","Mirotic, Nikola -- CHI","Noel, Nerlens -- PHI",2015,ROY
Sean Kelley,WWL 105.3 FM,"Wiggins, Andrew -- MIN","Mirotic, Nikola -- CHI","Payton, Elfrid -- ORL",2015,ROY
Sherman Hamilton,NBA TV Canada,"Wiggins, Andrew -- MIN","Mirotic, Nikola -- CHI","Payton, Elfrid -- ORL",2015,ROY
Sherrod Blakely,Comcast SportsNet,"Wiggins, Andrew -- MIN","Mirotic, Nikola -- CHI","Noel, Nerlens -- PHI",2015,ROY
Stefan Bondy,New York Daily News,"Wiggins, Andrew -- MIN","Mirotic, Nikola -- CHI","Noel, Nerlens -- PHI",2015,ROY
Stephanie Ready,Fox Sports Carolinas/SportSouth,"Wiggins, Andrew -- MIN","Mirotic, Nikola -- CHI","Noel, Nerlens -- PHI",2015,ROY
Steve Albert,Fox Sports Arizona,"Wiggins, Andrew -- MIN","Mirotic, Nikola -- CHI","Smart, Marcus -- BOS",2015,ROY
Steve Aschburner,NBA.com,"Wiggins, Andrew -- MIN","Mirotic, Nikola -- CHI","Payton, Elfrid -- ORL",2015,ROY
Steve Holman,Hawks Radio Network,"Wiggins, Andrew -- MIN","Mirotic, Nikola -- CHI","Payton, Elfrid -- ORL",2015,ROY
Steve Popper,The Record,"Mirotic, Nikola -- CHI","Wiggins, Andrew -- MIN","Noel, Nerlens -- PHI",2015,ROY
Ted Davis,WTMJ Radio,"Wiggins, Andrew -- MIN","Mirotic, Nikola -- CHI","Noel, Nerlens -- PHI",2015,ROY
Tim Kempton,KTAR Radio,"Mirotic, Nikola -- CHI","Wiggins, Andrew -- MIN","Noel, Nerlens -- PHI",2015,ROY
Vince Ellis,Detroit Free Press,"Wiggins, Andrew -- MIN","Noel, Nerlens -- PHI","Mirotic, Nikola -- CHI",2015,ROY
Walt Frazier,MSG Network,"Wiggins, Andrew -- MIN","Noel, Nerlens -- PHI","Payton, Elfrid -- ORL",2015,ROY
Zach Lowe,Grantland,"Wiggins, Andrew -- MIN","Mirotic, Nikola -- CHI","Noel, Nerlens -- PHI",2015,ROY
Aaron Falk,Salt Lake Tribune,"Carter-Williams, Michael -- PHI","Burke, Trey -- UTAH","Oladipo, Victor -- ORL",2014,ROY
Adrian Chavarria,KEYH 850 AM,"Carter-Williams, Michael -- PHI","Oladipo, Victor -- ORL","Burke, Trey -- UTAH",2014,ROY
Al Iannazzone,Newsday,"Carter-Williams, Michael -- PHI","Oladipo, Victor -- ORL","Plumlee, Mason -- BKN",2014,ROY
Al McCoy,KTAR Radio,"Carter-Williams, Michael -- PHI","Burke, Trey -- UTAH","Oladipo, Victor -- ORL",2014,ROY
Alan Horton,WCCO 830-AM,"Oladipo, Victor -- ORL","Carter-Williams, Michael -- PHI","Plumlee, Mason -- BKN",2014,ROY
Anthony Slater,Oklahoman,"Carter-Williams, Michael -- PHI","Oladipo, Victor -- ORL","Plumlee, Mason -- BKN",2014,ROY
Bill Land,Spurs Television,"Carter-Williams, Michael -- PHI","Oladipo, Victor -- ORL","Burke, Trey -- UTAH",2014,ROY
Bill Reiter,Foxsports.com,"Carter-Williams, Michael -- PHI","Oladipo, Victor -- ORL","Burke, Trey -- UTAH",2014,ROY
Bill Schoening,WOAI Radio,"Carter-Williams, Michael -- PHI","Oladipo, Victor -- ORL","Burke, Trey -- UTAH",2014,ROY
Bill Simmons,Grantland,"Oladipo, Victor -- ORL","Carter-Williams, Michael -- PHI","Plumlee, Mason -- BKN",2014,ROY
Bob Cooney,Philadelphia Daily News,"Carter-Williams, Michael -- PHI","Oladipo, Victor -- ORL","Burke, Trey -- UTAH",2014,ROY
Bob Rathbun,Fox Sports South,"Carter-Williams, Michael -- PHI","Oladipo, Victor -- ORL","Dieng, Gorgui -- MIN",2014,ROY
Brian Davis,Fox Sports Oklahoma,"Carter-Williams, Michael -- PHI","Oladipo, Victor -- ORL","Antetokounmpo, Giannis -- MIL",2014,ROY
Brian Sieman,KFWB News Talk 980 AM/KWKW,"Carter-Williams, Michael -- PHI","Oladipo, Victor -- ORL","Burke, Trey -- UTAH",2014,ROY
Brian Wheeler,Fox Sports Radio/620AM,"Carter-Williams, Michael -- PHI","Oladipo, Victor -- ORL","Burke, Trey -- UTAH",2014,ROY
Brian Windhorst,ESPN.com,"Carter-Williams, Michael -- PHI","Oladipo, Victor -- ORL","Plumlee, Mason -- BKN",2014,ROY
Candace Buckner,Indianapolis Star,"Carter-Williams, Michael -- PHI","Plumlee, Mason -- BKN","Oladipo, Victor -- ORL",2014,ROY
Charles Gardner,Milwaukee Journal Sentinel,"Carter-Williams, Michael -- PHI","Burke, Trey -- UTAH","Oladipo, Victor -- ORL",2014,ROY
Chris Broussard,ESPN The Magazine,"Carter-Williams, Michael -- PHI","Oladipo, Victor -- ORL","Burke, Trey -- UTAH",2014,ROY
Chris Dempsey,Denver Post,"Carter-Williams, Michael -- PHI","Oladipo, Victor -- ORL","Burke, Trey -- UTAH",2014,ROY
Chris Denari,Fox Sports Indiana,"Carter-Williams, Michael -- PHI","Oladipo, Victor -- ORL","Burke, Trey -- UTAH",2014,ROY
Chris Haynes,Comcast SportsNet NW,"Carter-Williams, Michael -- PHI","Oladipo, Victor -- ORL","Burke, Trey -- UTAH",2014,ROY
Chris Mannix,Sports Illustrated,"Carter-Williams, Michael -- PHI","Oladipo, Victor -- ORL","Plumlee, Mason -- BKN",2014,ROY
Chris Marlowe,Altitude Sports & Entertainment,"Carter-Williams, Michael -- PHI","Oladipo, Victor -- ORL","Burke, Trey -- UTAH",2014,ROY
Chris Sheridan,Sheridanhoops.com,"Carter-Williams, Michael -- PHI","Oladipo, Victor -- ORL","Plumlee, Mason -- BKN",2014,ROY
Dan Woike,Orange County Register,"Carter-Williams, Michael -- PHI","Oladipo, Victor -- ORL","Plumlee, Mason -- BKN",2014,ROY
Dave McMenamin,ESPNLosAngeles.com,"Carter-Williams, Michael -- PHI","Oladipo, Victor -- ORL","Burke, Trey -- UTAH",2014,ROY
David Aldridge,TNT,"Oladipo, Victor -- ORL","Carter-Williams, Michael -- PHI","Plumlee, Mason -- BKN",2014,ROY
David Mayo,Mlive Media Group,"Carter-Williams, Michael -- PHI","Oladipo, Victor -- ORL","Burke, Trey -- UTAH",2014,ROY
Dei Lynam,Comcast SportsNet,"Carter-Williams, Michael -- PHI","Oladipo, Victor -- ORL","Hardaway Jr., Tim -- NY",2014,ROY
Dell Curry,SportSouth,"Carter-Williams, Michael -- PHI","Oladipo, Victor -- ORL","Plumlee, Mason -- BKN",2014,ROY
Dennis Neumann,ESPN 580 AM,"Oladipo, Victor -- ORL","Carter-Williams, Michael -- PHI","Burke, Trey -- UTAH",2014,ROY
Dominique Wilkins,Fox Sports South,"Carter-Williams, Michael -- PHI","Oladipo, Victor -- ORL","Burke, Trey -- UTAH",2014,ROY
Doug Smith,Toronto Star,"Carter-Williams, Michael -- PHI","Burke, Trey -- UTAH","Oladipo, Victor -- ORL",2014,ROY
Dwain Price,Ft. Worth Star Telegam,"Carter-Williams, Michael -- PHI","Oladipo, Victor -- ORL","Burke, Trey -- UTAH",2014,ROY
Eddie Sefko,Dallas Morning News,"Carter-Williams, Michael -- PHI","Burke, Trey -- UTAH","Oladipo, Victor -- ORL",2014,ROY
Eric Hasseltine,92.9 FM ESPN/680 AM,"Carter-Williams, Michael -- PHI","Oladipo, Victor -- ORL","Burke, Trey -- UTAH",2014,ROY
Eric Reid,Sun Sports,"Carter-Williams, Michael -- PHI","Oladipo, Victor -- ORL","Burke, Trey -- UTAH",2014,ROY
Ernie Johnson,TNT,"Carter-Williams, Michael -- PHI","Oladipo, Victor -- ORL","Burke, Trey -- UTAH",2014,ROY
Fran Blinebury,NBA.com,"Carter-Williams, Michael -- PHI","Plumlee, Mason -- BKN","Oladipo, Victor -- ORL",2014,ROY
Fred McLeod,Fox Sports Ohio,"Carter-Williams, Michael -- PHI","Oladipo, Victor -- ORL","Burke, Trey -- UTAH",2014,ROY
Gary Gerould,CSN-CA,"Carter-Williams, Michael -- PHI","Oladipo, Victor -- ORL","Burke, Trey -- UTAH",2014,ROY
Gary Washburn,Boston Globe,"Carter-Williams, Michael -- PHI","Oladipo, Victor -- ORL","Hardaway Jr., Tim -- NY",2014,ROY
Glenn Consor,106.7 The Fan,"Carter-Williams, Michael -- PHI","Oladipo, Victor -- ORL","Dieng, Gorgui -- MIN",2014,ROY
Grant Napear,CSN-CA,"Carter-Williams, Michael -- PHI","Oladipo, Victor -- ORL","Plumlee, Mason -- BKN",2014,ROY
Howard Beck,Bleacher Report,"Carter-Williams, Michael -- PHI","Oladipo, Victor -- ORL","Plumlee, Mason -- BKN",2014,ROY
Hubie Brown,ESPN,"Carter-Williams, Michael -- PHI","Oladipo, Victor -- ORL","Plumlee, Mason -- BKN",2014,ROY
Ian Eagle,YES Network,"Carter-Williams, Michael -- PHI","Oladipo, Victor -- ORL","Plumlee, Mason -- BKN",2014,ROY
Israel Gutierez,ESPN.com,"Carter-Williams, Michael -- PHI","Oladipo, Victor -- ORL","Burke, Trey -- UTAH",2014,ROY
JA Adande,ESPN.com,"Carter-Williams, Michael -- PHI","Oladipo, Victor -- ORL","Plumlee, Mason -- BKN",2014,ROY
Jack Armstrong,SportsNet/TSN,"Carter-Williams, Michael -- PHI","Oladipo, Victor -- ORL","Calathes, Nick -- MEM",2014,ROY
Jason Jones,Sacramento Bee,"Carter-Williams, Michael -- PHI","Oladipo, Victor -- ORL","Burke, Trey -- UTAH",2014,ROY
Jason Kosmicki,Altitude Radio Network,"Carter-Williams, Michael -- PHI","Burke, Trey -- UTAH","Oladipo, Victor -- ORL",2014,ROY
Jason Lloyd,Akron Beacon Journal,"Carter-Williams, Michael -- PHI","Oladipo, Victor -- ORL","Burke, Trey -- UTAH",2014,ROY
Jeff McDonald,San Antonio Express-News,"Carter-Williams, Michael -- PHI","Oladipo, Victor -- ORL","Plumlee, Mason -- BKN",2014,ROY
Jeff Turner,Fox Sports Florida,"Oladipo, Victor -- ORL","Burke, Trey -- UTAH","Carter-Williams, Michael -- PHI",2014,ROY
Jeff Zillgitt,USA Today,"Carter-Williams, Michael -- PHI","Oladipo, Victor -- ORL","Burke, Trey -- UTAH",2014,ROY
Jerry Zgoda,Minneapolis Star Tribune,"Carter-Williams, Michael -- PHI","Oladipo, Victor -- ORL","Plumlee, Mason -- BKN",2014,ROY
Jim Barnett,Comcast SportsNet Bay Area,"Carter-Williams, Michael -- PHI","Hardaway Jr., Tim -- NY","Burke, Trey -- UTAH",2014,ROY
Jim Paschke,Fox Sports Wisconsin,"Oladipo, Victor -- ORL","Carter-Williams, Michael -- PHI","Burke, Trey -- UTAH",2014,ROY
Jim Petersen,Fox Sports North,"Carter-Williams, Michael -- PHI","Oladipo, Victor -- ORL","Hardaway Jr., Tim -- NY",2014,ROY
Jody Genessy,Deseret News,"Carter-Williams, Michael -- PHI","Burke, Trey -- UTAH","Oladipo, Victor -- ORL",2014,ROY
Joe Freeman,The Oregonian,"Oladipo, Victor -- ORL","Carter-Williams, Michael -- PHI","Burke, Trey -- UTAH",2014,ROY
Joel Meyers,Fox Sports New Orleans,"Oladipo, Victor -- ORL","Carter-Williams, Michael -- PHI","Plumlee, Mason -- BKN",2014,ROY
John Reid,New Orleans Times Picayune,"Oladipo, Victor -- ORL","Carter-Williams, Michael -- PHI","Plumlee, Mason -- BKN",2014,ROY
Jon Barry,ESPN Radio,"Carter-Williams, Michael -- PHI","Oladipo, Victor -- ORL","Hardaway Jr., Tim -- NY",2014,ROY
Jonathan Feigen,Houston Chronicle,"Carter-Williams, Michael -- PHI","Oladipo, Victor -- ORL","Burke, Trey -- UTAH",2014,ROY
Jose Paneda,Univision Radio 710am/Mix,"Carter-Williams, Michael -- PHI","Oladipo, Victor -- ORL","Plumlee, Mason -- BKN",2014,ROY
Keith Pompey,Philadelphia Inquirer,"Carter-Williams, Michael -- PHI","Oladipo, Victor -- ORL","Burke, Trey -- UTAH",2014,ROY
Ken Berger,CBSSports.com,"Carter-Williams, Michael -- PHI","Oladipo, Victor -- ORL","Hardaway Jr., Tim -- NY",2014,ROY
Kevin Arnovitz,ESPN.com,"Carter-Williams, Michael -- PHI","Oladipo, Victor -- ORL","Plumlee, Mason -- BKN",2014,ROY
Kevin Calabro,ESPN Radio,"Carter-Williams, Michael -- PHI","Oladipo, Victor -- ORL","Plumlee, Mason -- BKN",2014,ROY
Kevin Ding,Bleacher Report,"Carter-Williams, Michael -- PHI","Burke, Trey -- UTAH","Oladipo, Victor -- ORL",2014,ROY
Lang Whitaker,NBA.com,"Carter-Williams, Michael -- PHI","Oladipo, Victor -- ORL","Burke, Trey -- UTAH",2014,ROY
Marc Berman,New York Post,"Carter-Williams, Michael -- PHI","Oladipo, Victor -- ORL","Hardaway Jr., Tim -- NY",2014,ROY
Marc Spears,Yahoo! Sports,"Carter-Williams, Michael -- PHI","Oladipo, Victor -- ORL","Burke, Trey -- UTAH",2014,ROY
Marc Stein,ESPN.com,"Carter-Williams, Michael -- PHI","Oladipo, Victor -- ORL","Burke, Trey -- UTAH",2014,ROY
Mark Boyle,WIBC,"Carter-Williams, Michael -- PHI","Oladipo, Victor -- ORL","Burke, Trey -- UTAH",2014,ROY
Marv Albert,TNT,"Carter-Williams, Michael -- PHI","Oladipo, Victor -- ORL","Plumlee, Mason -- BKN",2014,ROY
Mary Schmitt Boyer,Cleveland Plain Dealer,"Carter-Williams, Michael -- PHI","Oladipo, Victor -- ORL","Burke, Trey -- UTAH",2014,ROY
Matt Bullard,Comcast SportsNet Houston,"Carter-Williams, Michael -- PHI","Oladipo, Victor -- ORL","Plumlee, Mason -- BKN",2014,ROY
Matt Pinto,WWLS / 98.1,"Carter-Williams, Michael -- PHI","Oladipo, Victor -- ORL","Hardaway Jr., Tim -- NY",2014,ROY
Matt Winer,NBA TV,"Carter-Williams, Michael -- PHI","Plumlee, Mason -- BKN","Oladipo, Victor -- ORL",2014,ROY
Michael Wilbon,ESPN,"Oladipo, Victor -- ORL","Carter-Williams, Michael -- PHI","Dieng, Gorgui -- MIN",2014,ROY
Mike Breen,ABC Sports,"Carter-Williams, Michael -- PHI","Plumlee, Mason -- BKN","Hardaway Jr., Tim -- NY",2014,ROY
Mike Monroe,San Antonio Express-News,"Carter-Williams, Michael -- PHI","Oladipo, Victor -- ORL","Adams, Steven -- OKC",2014,ROY
Mike Tirico,ESPN,"Carter-Williams, Michael -- PHI","Oladipo, Victor -- ORL","Hardaway Jr., Tim -- NY",2014,ROY
Mitch Lawrence,New York Daily News,"Oladipo, Victor -- ORL","Carter-Williams, Michael -- PHI","Burke, Trey -- UTAH",2014,ROY
Neil Funk,Comcast SportsNet,"Carter-Williams, Michael -- PHI","Oladipo, Victor -- ORL","Burke, Trey -- UTAH",2014,ROY
Nick Friedell,ESPNChicago.com,"Carter-Williams, Michael -- PHI","Oladipo, Victor -- ORL","Burke, Trey -- UTAH",2014,ROY
Paul Coro,Arizona Republic,"Carter-Williams, Michael -- PHI","Oladipo, Victor -- ORL","Plumlee, Mason -- BKN",2014,ROY
Paul Jones,Raptors Radio,"Carter-Williams, Michael -- PHI","Oladipo, Victor -- ORL","Plumlee, Mason -- BKN",2014,ROY
Pete Pranica,Fox Sports Tennessee,"Carter-Williams, Michael -- PHI","Oladipo, Victor -- ORL","Burke, Trey -- UTAH",2014,ROY
Phil Chenier,Comcast SportsNet,"Carter-Williams, Michael -- PHI","Oladipo, Victor -- ORL","Burke, Trey -- UTAH",2014,ROY
Ralph Lawler,Prime Ticket,"Carter-Williams, Michael -- PHI","Oladipo, Victor -- ORL","Hardaway Jr., Tim -- NY",2014,ROY
Ric Bucher,Bleacher Report,"Carter-Williams, Michael -- PHI","Oladipo, Victor -- ORL","Plumlee, Mason -- BKN",2014,ROY
Rick Bonnell,Charlotte Observer,"Carter-Williams, Michael -- PHI","Burke, Trey -- UTAH","Oladipo, Victor -- ORL",2014,ROY
Rod Boone,Newsday,"Carter-Williams, Michael -- PHI","Plumlee, Mason -- BKN","Oladipo, Victor -- ORL",2014,ROY
Ron Boone,ROOT Sports,"Burke, Trey -- UTAH","Carter-Williams, Michael -- PHI","Oladipo, Victor -- ORL",2014,ROY
Ron Tillery,Memphis Commercial Appeal,"Carter-Williams, Michael -- PHI","Oladipo, Victor -- ORL","Burke, Trey -- UTAH",2014,ROY
Rusty Simmons,San Francisco Chronicle,"Carter-Williams, Michael -- PHI","Oladipo, Victor -- ORL","Plumlee, Mason -- BKN",2014,ROY
Sam Amick,USA Today,"Carter-Williams, Michael -- PHI","Oladipo, Victor -- ORL","Burke, Trey -- UTAH",2014,ROY
Sam Smith,Bulls.com,"Oladipo, Victor -- ORL","Burke, Trey -- UTAH","Hardaway Jr., Tim -- NY",2014,ROY
Sean Deveney,The Sporting News,"Plumlee, Mason -- BKN","Carter-Williams, Michael -- PHI","Oladipo, Victor -- ORL",2014,ROY
Sean Grande,WEEI Radio,"Carter-Williams, Michael -- PHI","Oladipo, Victor -- ORL","Plumlee, Mason -- BKN",2014,ROY
Sean Kelley,Pelicans Radio,"Carter-Williams, Michael -- PHI","Oladipo, Victor -- ORL","Burke, Trey -- UTAH",2014,ROY
Shaun Powell,Sports on Earth,"Carter-Williams, Michael -- PHI","Oladipo, Victor -- ORL","Burke, Trey -- UTAH",2014,ROY
Sherrod Blakely,Comcast SportsNet,"Plumlee, Mason -- BKN","Carter-Williams, Michael -- PHI","Oladipo, Victor -- ORL",2014,ROY
Stacey King,Comcast SportsNet,"Carter-Williams, Michael -- PHI","Oladipo, Victor -- ORL","Burke, Trey -- UTAH",2014,ROY
Steve Aschburner,NBA.com,"Carter-Williams, Michael -- PHI","Oladipo, Victor -- ORL","Burke, Trey -- UTAH",2014,ROY
Steve Buckhantz,Comcast SportsNet,"Carter-Williams, Michael -- PHI","Oladipo, Victor -- ORL","Burke, Trey -- UTAH",2014,ROY
Steve Holman,Hawks Radio Network,"Oladipo, Victor -- ORL","Burke, Trey -- UTAH","Carter-Williams, Michael -- PHI",2014,ROY
Steve Kerr,TNT,"Hardaway Jr., Tim -- NY","Oladipo, Victor -- ORL","Carter-Williams, Michael -- PHI",2014,ROY
Steve Martin,Bobcats Radio,"Carter-Williams, Michael -- PHI","Oladipo, Victor -- ORL","Burke, Trey -- UTAH",2014,ROY
Steve Popper,The Record,"Carter-Williams, Michael -- PHI","Oladipo, Victor -- ORL","Plumlee, Mason -- BKN",2014,ROY
Ted Davis,WTMJ Radio,"Carter-Williams, Michael -- PHI","Oladipo, Victor -- ORL","Burke, Trey -- UTAH",2014,ROY
Tim Bontemps,New York Post,"Oladipo, Victor -- ORL","Carter-Williams, Michael -- PHI","Plumlee, Mason -- BKN",2014,ROY
Tim Kempton,KTAR Radio,"Oladipo, Victor -- ORL","Burke, Trey -- UTAH","Carter-Williams, Michael -- PHI",2014,ROY
Tim Roye,KNBR Radio,"Carter-Williams, Michael -- PHI","Hardaway Jr., Tim -- NY","Oladipo, Victor -- ORL",2014,ROY
Tom Heinsohn,Comcast SportsNet,"Carter-Williams, Michael -- PHI","Oladipo, Victor -- ORL","Plumlee, Mason -- BKN",2014,ROY
Tony Fiorentino,Sun Sports,"Carter-Williams, Michael -- PHI","Oladipo, Victor -- ORL","Hardaway Jr., Tim -- NY",2014,ROY
Vince Ellis,Detroit Free Press,"Carter-Williams, Michael -- PHI","Oladipo, Victor -- ORL","Burke, Trey -- UTAH",2014,ROY
Vincent Goodwill,Detroit News,"Carter-Williams, Michael -- PHI","Oladipo, Victor -- ORL","Burke, Trey -- UTAH",2014,ROY
Zach Lowe,Grantland,"Oladipo, Victor -- ORL","Carter-Williams, Michael -- PHI","Plumlee, Mason -- BKN",2014,ROY
